ID	Taxon	Gloss	GlossID	IPA	Tokens	CogID
1	Dutch	all	1	ɑlə	ɑ l ə	5
2	Swedish	all	1	alː	a lː	5
3	English	all	1	ɔːl	ɔː l	5
4	German	all	1	al	a l	5
5	Spanish	all	1	entero	e n t e r o	2
6	Danish	all	1	æˀl	æˀ l	5
7	Bulgarian	all	1	vsiʧki	v s i ʧ k i	3
8	Greek	all	1	kaθe	k a θ e	7
9	Romanian	all	1	tot	t o t	6
10	Russian	all	1	fsʲe	f sʲ e	3
11	Polish	all	1	fʃɨsʦɨ	f ʃ ɨ s ʦ ɨ	3
12	Norwegian	all	1	ɑlə	ɑ l ə	5
13	French	all	1	tu	t u	6
14	Czech	all	1	fʃɪxnʲɪ	f ʃ ɪ x nʲ ɪ	3
15	Icelandic	all	1	at͡lir	a t͡l i r	5
16	Italian	all	1	intɛro	i n t ɛ r o	2
17	Hindi	all	1	səb	s ə b	4
18	Portuguese	all	1	todu	t o d u	6
19	Spanish	all	1	toðo	t o ð o	6
20	Romanian	all	1	ɨntreg	ɨ n t r e g	2
21	French	all	1	ɑ̃tje	ɑ̃ t j e	2
22	Italian	all	1	tutto	t u tː o	6
23	Hindi	all	1	saːraː	s aː r aː	1
24	Dutch	ashes	2	ɑs	ɑ s	10
25	Swedish	ashes	2	asːka	a sː k a	10
26	English	ashes	2	æʃ	æ ʃ	10
27	German	ashes	2	aʃə	a ʃ ə	10
28	Spanish	ashes	2	θeniθa	θ e n i θ a	12
29	Danish	ashes	2	asg	a s g	10
30	Bulgarian	ashes	2	pɛpɛl	p ɛ p ɛ l	8
31	Greek	ashes	2	staxti	s t a x t i	14
32	Armenian	ashes	2	moχiɾ	m o χ i ɾ	9
33	Romanian	ashes	2	ʧenuʃə	ʧ e n u ʃ ə	12
34	Russian	ashes	2	zɐla	z ɐ l a	11
35	Polish	ashes	2	pɔpʲuw	p ɔ pʲ u w	8
36	Norwegian	ashes	2	ɑsk	ɑ s k	-10
37	French	ashes	2	sɑ̃dʁ	s ɑ̃ d ʁ	12
38	Czech	ashes	2	popɛl	p o p ɛ l	8
39	Icelandic	ashes	2	aska	a s k a	10
40	Italian	ashes	2	ʧenere	ʧ e n e r e	12
41	Hindi	ashes	2	raːkʰ	r aː kʰ	13
42	Portuguese	ashes	2	sĩzɐ	s ĩ z ɐ	12
43	Russian	ashes	2	pʲepɪlʲ	pʲ e p ɪ lʲ	8
44	Dutch	bark	3	bɑst	b ɑ s t	19
45	Swedish	bark	3	barːk	b a rː k	15
46	English	bark	3	bɑːrk	b ɑː r k	-15
47	German	bark	3	rɪndə	r ɪ n d ə	20
48	Spanish	bark	3	koɾteθa	k o ɾ t e θ a	18
49	Danish	bark	3	bɑːg	b ɑː g	15
50	Bulgarian	bark	3	kora	k o r a	23
51	Greek	bark	3	flios	f l io s	16
52	Armenian	bark	3	kɛʁɛv	k ɛ ʁ ɛ v	22
53	Romanian	bark	3	skwarʦə	s k w a r ʦ ə	23
54	Russian	bark	3	kɐra	k ɐ r a	23
55	Polish	bark	3	kɔra	k ɔ r a	23
56	Norwegian	bark	3	bɑɾk	b ɑ ɾ k	-15
57	French	bark	3	ekɔʁs	e k ɔ ʁ s	23
58	Czech	bark	3	kuːra	k uː r a	23
59	Icelandic	bark	3	bœrkʏr	b œ r k ʏ r	15
60	Italian	bark	3	korteʧʧa	k o r t e ʧː a	18
61	Hindi	bark	3	ʧʰaːl	ʧʰ aː l	21
62	Portuguese	bark	3	kaʃkɐ	k a ʃ k ɐ	17
63	Dutch	belly	4	bœyk	b œy k	27
64	Swedish	belly	4	maːge	m aː g e	32
65	English	belly	4	bɛlɪ	b ɛ l ɪ	28
66	German	belly	4	baux	b au x	27
67	Spanish	belly	4	bjentre	b j e n t r e	26
68	Danish	belly	4	ɔnʌliwˀ	ɔ n ʌ l i wˀ	34
69	Bulgarian	belly	4	korɛm	k o r ɛ m	-30
70	Greek	belly	4	ciʎa	c i ʎ a	24
71	Romanian	belly	4	pənteʦe	p ə n t e ʦ e	33
72	Russian	belly	4	ʒɨvot	ʒ ɨ v o t	31
73	Polish	belly	4	bʒux	b ʒ u x	35
74	Norwegian	belly	4	mɑːgə	m ɑː g ə	32
75	French	belly	4	vɑ̃tʁ	v ɑ̃ t ʁ	26
76	Czech	belly	4	brɪxo	b r ɪ x o	35
77	Icelandic	belly	4	kʰvɪːðʏr	kʰ v ɪː ð ʏ r	36
78	Italian	belly	4	panʧa	p a n ʧ a	33
79	Hindi	belly	4	peːʈ	p eː ʈ	-25
80	Portuguese	belly	4	vẽtrə	v ẽ t r ə	26
81	Swedish	belly	4	buk	b u k	27
82	Danish	belly	4	mæːvə	m æː v ə	32
83	Norwegian	belly	4	bʉːk	b ʉː k	27
84	Italian	belly	4	vɛntre	v ɛ n t r e	26
85	Portuguese	belly	4	bɐʀigɐ	b ɐ ʀ i g ɐ	29
86	Dutch	big	5	xroːt	x r oː t	46
87	Swedish	big	5	stoːr	s t oː r	43
88	English	big	5	bɪɡ	b ɪ ɡ	40
89	German	big	5	ɡroːs	ɡ r oː s	46
90	Spanish	big	5	ɡɾande	ɡ ɾ a n d e	47
91	Danish	big	5	sdoˀʁ	s d oˀ ʁ	43
92	Bulgarian	big	5	golʲam	g o lʲ a m	38
93	Greek	big	5	meɣalos	m e ɣ a l o s	37
94	Armenian	big	5	mɛʦ	m ɛ ʦ	37
95	Romanian	big	5	mare	m a r e	42
96	Russian	big	5	bɐlʲʃoj	b ɐ lʲ ʃ o j	44
97	Polish	big	5	vʲɛlki	vʲ ɛ l k i	41
98	Norwegian	big	5	stuːɾ	s t uː ɾ	-43
99	French	big	5	ɡʁã	ɡ ʁ ã	47
100	Czech	big	5	vɛlkiː	v ɛ l k iː	41
101	Icelandic	big	5	stouːr	s t ouː r	43
102	Italian	big	5	ɡrande	ɡ r a n d e	47
103	Hindi	big	5	bəɽaː	b ə ɽ aː	39
104	Portuguese	big	5	grɐ̃də	g r ɐ̃ d ə	47
105	English	big	5	ɡreɪt	ɡ r eɪ t	46
106	Polish	big	5	duʒɨ	d u ʒ ɨ	45
107	Icelandic	big	5	mɪːcɪt͡l	m ɪː c ɪ t͡l	37
108	Dutch	bird	6	voːɣəl	v oː ɣ ə l	51
109	Swedish	bird	6	foːgel	f oː g e l	51
110	English	bird	6	bɜːrd	b ɜː r d	53
111	German	bird	6	foːɡəl	f oː ɡ ə l	51
112	Spanish	bird	6	paxaro	p a x a r o	48
113	Danish	bird	6	fuˀl	f uˀ l	51
114	Bulgarian	bird	6	ptiʦə	p t i ʦ ə	51
115	Greek	bird	6	puli	p u l i	-50
116	Armenian	bird	6	tʰərʧʰun	tʰ ə r ʧʰ u n	48
117	Romanian	bird	6	pasəre	p a s ə r e	48
118	Russian	bird	6	ptʲiʦə	p tʲ i ʦ ə	51
119	Polish	bird	6	ptak	p t a k	51
120	Norwegian	bird	6	fʉːl	f ʉː l	51
121	French	bird	6	wazo	w a z o	52
122	Czech	bird	6	ptaːk	p t aː k	51
123	Icelandic	bird	6	fʏkl	f ʏ k l	51
124	Italian	bird	6	uʧːɛllo	u ʧː ɛ lː o	52
125	Hindi	bird	6	ʧɪɽɪyaː	ʧ ɪ ɽ ɪyaː	-49
126	Portuguese	bird	6	avə	a v ə	52
127	Spanish	bird	6	ave	a v e	52
128	Portuguese	bird	6	pasɐru	p a s ɐ r u	48
129	Dutch	bite (V)	7	bɛɪtə	b ɛɪ t ə	54
130	Swedish	bite (V)	7	biːta	b iː t a	54
131	English	bite (V)	7	baɪt	b aɪ t	54
132	German	bite (V)	7	baisən	b ai s ə n	54
133	Spanish	bite (V)	7	moɾðeɾ	m o ɾ ð e ɾ	56
134	Danish	bite (V)	7	biːðə	b iː ð ə	54
135	Bulgarian	bite (V)	7	xəpa	x ə p a	58
136	Greek	bite (V)	7	ðaŋɡono	ð a ŋ ɡ o n o	59
137	Armenian	bite (V)	7	kəʦɛl	k ə ʦ ɛ l	57
138	Romanian	bite (V)	7	muʃka	m u ʃ k a	56
139	Russian	bite (V)	7	kusatʲ	k u s a tʲ	57
140	Polish	bite (V)	7	ssaʨ	sː a ʨ	57
141	Norwegian	bite (V)	7	biːtə	b iː t ə	54
142	French	bite (V)	7	mɔʁdʁ	m ɔ ʁ d ʁ	56
143	Czech	bite (V)	7	kowsat	k o w s a t	57
144	Icelandic	bite (V)	7	piːta	p iː t a	54
145	Italian	bite (V)	7	mɔrdere	m ɔ r d e r e	56
146	Hindi	bite (V)	7	kaːʈnaː	k aː ʈ n aː	55
147	Portuguese	bite (V)	7	murder	m u r d e r	56
148	Dutch	black	8	zʋɑrt	z ʋ ɑ r t	60
149	Swedish	black	8	svartː	s v a r tː	60
150	English	black	8	blæk	b l æ k	61
151	German	black	8	ʃvart͡s	ʃ v a r t͡s	60
152	Spanish	black	8	neɣɾo	n e ɣ ɾ o	63
153	Danish	black	8	sɒːd	s ɒː d	60
154	Bulgarian	black	8	ʧɛrɛn	ʧ ɛ r ɛ n	66
155	Greek	black	8	mavros	m a v r o s	64
156	Armenian	black	8	sɛv	s ɛ v	62
157	Romanian	black	8	neɡru	n e ɡ r u	63
158	Russian	black	8	ʧornɨj	ʧ o r n ɨ j	66
159	Polish	black	8	ʧarnɨ	ʧ a r n ɨ	66
160	Norwegian	black	8	sɔʈ	s ɔ ʈ	60
161	French	black	8	nwaʁ	n w a ʁ	63
162	Czech	black	8	ʧɛrniː	ʧ ɛ r n iː	66
163	Icelandic	black	8	svar̥tʏr	s v a r̥ t ʏ r	60
164	Italian	black	8	nero	n e r o	63
165	Hindi	black	8	kaːlaː	k aː l aː	65
166	Portuguese	black	8	pretu	p r e t u	67
167	Dutch	blood	9	bluːt	b l uː t	71
168	Swedish	blood	9	bloːd	b l oː d	71
169	English	blood	9	blʌd	b l ʌ d	71
170	German	blood	9	bluːt	b l uː t	71
171	Spanish	blood	9	saŋɡɾe	s a ŋ ɡ ɾ e	69
172	Danish	blood	9	bloˀð	b l oˀ ð	71
173	Bulgarian	blood	9	krɤf	k r ɤ f	68
174	Greek	blood	9	ema	e m a	70
175	Armenian	blood	9	ɑɾɪun	ɑ ɾ ɪu n	69
176	Romanian	blood	9	sɨnʤe	s ɨ n ʤ e	69
177	Russian	blood	9	krofʲ	k r o fʲ	68
178	Polish	blood	9	krɛf	k r ɛ f	68
179	Norwegian	blood	9	bluː	b l uː	71
180	French	blood	9	sɑ̃	s ɑ̃	69
181	Czech	blood	9	krɛf	k r ɛ f	68
182	Icelandic	blood	9	plouːθ	p l ouː θ	71
183	Italian	blood	9	saŋɡwe	s a ŋ ɡ w e	69
184	Portuguese	blood	9	sɐ̃gə	s ɐ̃ g ə	69
185	Dutch	bone	10	beːn	b eː n	76
186	Swedish	bone	10	beːn	b eː n	76
187	English	bone	10	bəʊn	b əʊ n	76
188	German	bone	10	knɔxən	k n ɔ x ə n	77
189	Spanish	bone	10	weso	w e s o	73
190	Danish	bone	10	beˀn	b eˀ n	76
191	Bulgarian	bone	10	kɔst	k ɔ s t	75
192	Greek	bone	10	kokalo	k o k a l o	-72
193	Armenian	bone	10	voskoɾ	v o s k o ɾ	73
194	Romanian	bone	10	os	o s	73
195	Russian	bone	10	kosʲtʲ	k o sʲ tʲ	75
196	Polish	bone	10	kɔɕʨ	k ɔ ɕ ʨ	75
197	Norwegian	bone	10	beːn	b eː n	76
198	French	bone	10	ɔs	ɔ s	73
199	Czech	bone	10	kost	k o s t	75
200	Icelandic	bone	10	peiːn	p eiː n	76
201	Italian	bone	10	ɔsso	ɔ sː o	73
202	Hindi	bone	10	həɖɖiː	h ə ɖː iː	74
203	Portuguese	bone	10	osu	o s u	73
204	Dutch	breast	11	bɔrst	b ɔ r s t	79
205	Swedish	breast	11	brøst	b r ø s t	79
206	English	breast	11	brɛst	b r ɛ s t	79
207	German	breast	11	brʊst	b r ʊ s t	79
208	Spanish	breast	11	seno	s e n o	78
209	Danish	breast	11	bʁœsd	b ʁ œ s d	79
210	Bulgarian	breast	11	ɡrɤt	ɡ r ɤ t	83
211	Greek	breast	11	stiθos	s t i θ o s	78
212	Armenian	breast	11	kuɾʦkʰ	k u ɾ ʦ kʰ	83
213	Romanian	breast	11	pjept	p j e p t	82
214	Russian	breast	11	ɡrutʲ	ɡ r u tʲ	83
215	Polish	breast	11	pʲɛrɕ	pʲ ɛ r ɕ	80
216	Norwegian	breast	11	bɾyst	b ɾ y s t	-79
217	French	breast	11	pwatʁin	p w a t ʁ i n	82
218	Czech	breast	11	pr̩sa	p r̩ s a	80
219	Icelandic	breast	11	b̥rjousd̥	b̥ r j ou s d̥	79
220	Italian	breast	11	seno	s e n o	78
221	Hindi	breast	11	ʧaːtiː	ʧ aː t iː	81
222	Portuguese	breast	11	pɐjtu	p ɐ j t u	82
223	Spanish	breast	11	peʧo	p e ʧ o	82
224	Romanian	breast	11	sɨn	s ɨ n	78
225	French	breast	11	sɛ̃	s ɛ̃	78
226	Italian	breast	11	pɛtto	p ɛ tː o	82
227	Portuguese	breast	11	sɐju	s ɐ j u	78
228	Dutch	burn (V)	12	brɑndə	b r ɑ n d ə	89
229	Swedish	burn (V)	12	brɛnːa	b r ɛ nː a	89
230	English	burn (V)	12	bɜːrn	b ɜː r n	89
231	German	burn (V)	12	brɛnən	b r ɛ n ə n	89
232	Spanish	burn (V)	12	kemaɾ	k e m a ɾ	90
233	Danish	burn (V)	12	bʁanə	b ʁ a n ə	89
234	Bulgarian	burn (V)	12	ɡɔra	ɡ ɔ r a	84
235	Greek	burn (V)	12	ceo	c eo	87
236	Armenian	burn (V)	12	ɑɪɾvɛl	ɑɪ ɾ v ɛ l	85
237	Romanian	burn (V)	12	arde	a r d e	88
238	Russian	burn (V)	12	ʒetʲ	ʒ e tʲ	91
239	Polish	burn (V)	12	paliʨ	p a l i ʨ	92
240	Norwegian	burn (V)	12	bɾenə	b ɾ e n ə	89
241	French	burn (V)	12	bʁyle	b ʁ y l e	93
242	Czech	burn (V)	12	paːlit	p aː l i t	92
243	Icelandic	burn (V)	12	b̥rɛtna	b̥ r ɛ t n a	89
244	Italian	burn (V)	12	bruʧːare	b r u ʧː a r e	93
245	Hindi	burn (V)	12	ʤəlnaː	ʤ ə l n aː	86
246	Portuguese	burn (V)	12	kɐjmar	k ɐ j m a r	90
247	Dutch	claw	13	naːɣəl	n aː ɣ ə l	94
248	Swedish	claw	13	naːgel	n aː g e l	94
249	English	claw	13	neɪl	n eɪ l	94
250	German	claw	13	naːɡəl	n aː ɡ ə l	94
251	Spanish	claw	13	uɲa	u ɲ a	94
252	Danish	claw	13	nɑjˀl	n ɑ jˀ l	94
253	Bulgarian	claw	13	nɔkət	n ɔ k ə t	94
254	Greek	claw	13	niçi	n i ç i	94
255	Armenian	claw	13	jɛʁung	j ɛ ʁ u n g	94
256	Romanian	claw	13	ungje	u n g j e	94
257	Russian	claw	13	noɡətʲ	n o ɡ ə tʲ	94
258	Polish	claw	13	paznɔkʲɛʨ	p a z n ɔ kʲ ɛ ʨ	94
259	Norwegian	claw	13	næjl	n æ j l	94
260	French	claw	13	ɔ̃ɡl	ɔ̃ ɡ l	94
261	Czech	claw	13	nɛɦɛt	n ɛ ɦ ɛ t	94
262	Icelandic	claw	13	nakl	n a k l	94
263	Italian	claw	13	unɡja	u n ɡ j a	94
264	Hindi	claw	13	naːkʰ	n aː kʰ	94
265	Portuguese	claw	13	uɲɐ	u ɲ ɐ	94
266	Dutch	cloud	14	ʋɔlk	ʋ ɔ l k	102
267	Swedish	cloud	14	ɧyː	ɧ yː	96
268	English	cloud	14	klaʊd	k l aʊ d	101
269	German	cloud	14	vɔlkə	v ɔ l k ə	102
270	Spanish	cloud	14	nuβe	n u β e	100
271	Danish	cloud	14	sgyˀ	s g yˀ	96
272	Bulgarian	cloud	14	ɔblək	ɔ b l ə k	103
273	Greek	cloud	14	sinefo	s i n e f o	98
274	Armenian	cloud	14	ɑmp	ɑ m p	99
275	Romanian	cloud	14	nor	n o r	100
276	Russian	cloud	14	obləkə	o b l ə k ə	103
277	Polish	cloud	14	ɔbwɔk	ɔ b w ɔ k	103
278	Norwegian	cloud	14	ʃyː	ʃ yː	-96
279	French	cloud	14	nɥaj	n ɥ a j	100
280	Czech	cloud	14	oblak	o b l a k	103
281	Icelandic	cloud	14	sciː	s c iː	96
282	Italian	cloud	14	nuvola	n u v o l a	100
283	Hindi	cloud	14	baːdəl	b aː d ə l	95
284	Portuguese	cloud	14	nuvɐ̃j	n u v ɐ̃ j	100
285	Swedish	cloud	14	moːln	m oː l n	97
286	Dutch	cold	15	kɑut	k ɑu t	105
287	Swedish	cold	15	kalː	k a lː	105
288	English	cold	15	kəʊld	k əʊ l d	105
289	German	cold	15	kalt	k a l t	105
290	Spanish	cold	15	fri.o	f r i o	107
291	Danish	cold	15	kʌlˀ	k ʌ lˀ	105
292	Bulgarian	cold	15	studɛn	s t u d ɛ n	111
293	Greek	cold	15	p͡sixros	p͡s i x r o s	109
294	Romanian	cold	15	reʧe	r e ʧ e	108
295	Russian	cold	15	xɐlodnɨj	x ɐ l o d n ɨ j	106
296	Polish	cold	15	xwɔdnɨ	x w ɔ d n ɨ	106
297	Norwegian	cold	15	kɑl	k ɑ l	-105
298	French	cold	15	fʁwa	f ʁ w a	107
299	Czech	cold	15	xladniː	x l a d n iː	106
300	Icelandic	cold	15	kʰaltʏr	kʰ a l t ʏ r	105
301	Italian	cold	15	freddo	f r e dː o	107
302	Hindi	cold	15	ʈʰəɳɖaː	ʈʰ ə ɳ ɖ aː	104
303	Portuguese	cold	15	friw	f r i w	107
304	Romanian	cold	15	frig	f r i g	107
305	Polish	cold	15	ʑimnɨ	ʑ i m n ɨ	110
306	Czech	cold	15	stʊdɛniː	s t ʊ d ɛ n iː	111
307	Dutch	come (V)	16	aːŋkoːmə	aː ŋ k oː m ə	115
308	Swedish	come (V)	16	komːa	k o mː a	115
309	English	come (V)	16	kʌm	k ʌ m	115
310	German	come (V)	16	kɔmən	k ɔ m ə n	115
311	Spanish	come (V)	16	beniɾ	b e n i ɾ	115
312	Danish	come (V)	16	kʌmə	k ʌ m ə	115
313	Bulgarian	come (V)	16	idvam	i d v a m	116
314	Greek	come (V)	16	erxome	e r x o m e	117
315	Armenian	come (V)	16	gɑl	g ɑ l	113
316	Romanian	come (V)	16	veni	v e n i	115
317	Russian	come (V)	16	prʲɪjtʲi	p rʲ ɪ j tʲ i	116
318	Polish	come (V)	16	pʃɨjɕʨ	p ʃ ɨ j ɕ ʨ	116
319	Norwegian	come (V)	16	kɔmə	k ɔ m ə	115
320	French	come (V)	16	vəniʁ	v ə n i ʁ	115
321	Czech	come (V)	16	prɪjiːt	p r ɪ j iː t	116
322	Icelandic	come (V)	16	kʰɔːma	kʰ ɔː m a	115
323	Italian	come (V)	16	venire	v e n i r e	115
324	Hindi	come (V)	16	aːnaː	aː n aː	112
325	Portuguese	come (V)	16	vir	v i r	115
326	Russian	come (V)	16	prʲɪxɐdʲitʲ	p rʲ ɪ x ɐ dʲ i tʲ	114
327	Polish	come (V)	16	pʃɨxɔʥiʨ	p ʃ ɨ x ɔ ʥ i ʨ	114
328	Dutch	die (V)	17	stɛrvə	s t ɛ r v ə	118
329	Swedish	die (V)	17	dø	d ø	119
330	English	die (V)	17	daɪ	d aɪ	-119
331	German	die (V)	17	ʃtɛrbən	ʃ t ɛ r b ə n	118
332	Spanish	die (V)	17	moɾiɾ	m o ɾ i ɾ	121
333	Danish	die (V)	17	døˀ	d øˀ	119
334	Bulgarian	die (V)	17	umrɤ	u m r ɤ	121
335	Greek	die (V)	17	peθeno	p e θ e n o	120
336	Armenian	die (V)	17	mɛrnɛl	m ɛ r n ɛ l	121
337	Romanian	die (V)	17	muri	m u r i	121
338	Russian	die (V)	17	umʲɪrʲetʲ	u mʲ ɪ rʲ e tʲ	121
339	Polish	die (V)	17	umʲɛraʨ	u mʲ ɛ r a ʨ	121
340	Norwegian	die (V)	17	døː	d øː	119
341	French	die (V)	17	muʁiʁ	m u ʁ i ʁ	121
342	Czech	die (V)	17	ʊmiːrat	ʊ m iː r a t	121
343	Icelandic	die (V)	17	teiːja	t eiː j a	119
344	Italian	die (V)	17	morire	m o r i r e	121
345	Hindi	die (V)	17	mərnaː	m ə r n aː	121
346	Portuguese	die (V)	17	muʀer	m u ʀ e r	121
347	Dutch	dog	18	hɔnt	h ɔ n t	123
348	Swedish	dog	18	hunːd	h u nː d	123
349	English	dog	18	dɔɡ	d ɔ ɡ	129
350	German	dog	18	hʊnt	h ʊ n t	123
351	Spanish	dog	18	pero	p e r o	-122
352	Danish	dog	18	hunˀ	h u nˀ	123
353	Bulgarian	dog	18	kuʧɛ	k u ʧ ɛ	125
354	Greek	dog	18	scilos	s c i l o s	127
355	Armenian	dog	18	ʃun	ʃ u n	123
356	Romanian	dog	18	kɨjne	k ɨ j n e	124
357	Russian	dog	18	sɐbakə	s ɐ b a k ə	126
358	Polish	dog	18	pʲɛs	pʲ ɛ s	128
359	Norwegian	dog	18	hʉn	h ʉ n	-123
360	French	dog	18	ʃjɛ̃	ʃ j ɛ̃	124
361	Czech	dog	18	pɛs	p ɛ s	128
362	Icelandic	dog	18	hʏntʏr	h ʏ n t ʏ r	123
363	Italian	dog	18	kane	k a n e	124
364	Hindi	dog	18	kʊttaː	k ʊ tː aː	130
365	Portuguese	dog	18	kɐ̃uː	k ɐ̃uː	124
366	Russian	dog	18	pʲos	pʲ o s	128
367	Dutch	drink (V)	19	drɪŋkə	d r ɪ ŋ k ə	133
368	Swedish	drink (V)	19	drikːa	d r i kː a	133
369	English	drink (V)	19	drɪŋk	d r ɪ ŋ k	133
370	German	drink (V)	19	trɪŋkən	t r ɪ ŋ k ə n	133
371	Spanish	drink (V)	19	beβeɾ	b e β e ɾ	132
372	Danish	drink (V)	19	dʁɛgə	d ʁ ɛ g ə	133
373	Bulgarian	drink (V)	19	pijə	p i j ə	132
374	Greek	drink (V)	19	pino	p i n o	132
375	Armenian	drink (V)	19	χəmɛl	χ ə m ɛ l	131
376	Romanian	drink (V)	19	be.a	b e a	132
377	Russian	drink (V)	19	pʲitʲ	pʲ i tʲ	132
378	Polish	drink (V)	19	piʨ	p i ʨ	132
379	Norwegian	drink (V)	19	dɾikə	d ɾ i k ə	-133
380	French	drink (V)	19	bwɑʁ	b w ɑ ʁ	132
381	Czech	drink (V)	19	piːt	p iː t	132
382	Icelandic	drink (V)	19	trɛʰka	t r ɛʰ k a	133
383	Italian	drink (V)	19	bere	b e r e	132
384	Hindi	drink (V)	19	piːnaː	p iː n aː	132
385	Portuguese	drink (V)	19	bəber	b ə b e r	132
386	Dutch	dry	20	droːx	d r oː x	134
387	Swedish	dry	20	torː	t o rː	135
388	English	dry	20	draɪ	d r aɪ	134
389	German	dry	20	trɔkən	t r ɔ k ə n	134
390	Spanish	dry	20	seko	s e k o	137
391	Danish	dry	20	tɶˀʁ	t ɶˀ ʁ	135
392	Bulgarian	dry	20	sux	s u x	138
393	Greek	dry	20	k͡seros	k͡s e r o s	139
394	Romanian	dry	20	sek	s e k	137
395	Russian	dry	20	suxoj	s u x o j	138
396	Polish	dry	20	suxɨ	s u x ɨ	138
397	Norwegian	dry	20	tœɾ	t œ ɾ	135
398	French	dry	20	sɛk	s ɛ k	137
399	Czech	dry	20	sʊxiː	s ʊ x iː	138
400	Icelandic	dry	20	θʏrː	θ ʏ rː	135
401	Italian	dry	20	sekko	s e kː o	137
402	Hindi	dry	20	suːkʰaː	s uː kʰ aː	138
403	Portuguese	dry	20	seku	s e k u	137
404	Romanian	dry	20	uskat	u s k a t	136
405	Italian	dry	20	aʃʃutto	a ʃː u tː o	136
406	Portuguese	dry	20	ẽʃutu	ẽ ʃ u t u	136
407	Dutch	ear	21	oːr	oː r	141
408	Swedish	ear	21	øːra	øː r a	141
409	English	ear	21	ɪər	ɪə r	141
410	German	ear	21	oːr	oː r	141
411	Spanish	ear	21	oɾexa	o ɾ e x a	141
412	Danish	ear	21	øːʌ	øːʌ	141
413	Bulgarian	ear	21	uxɔ	u x ɔ	141
414	Greek	ear	21	afti	a f t i	141
415	Armenian	ear	21	ɑkɑnʤ	ɑ k ɑ n ʤ	141
416	Romanian	ear	21	ureke	u r e k e	141
417	Russian	ear	21	uxə	u x ə	141
418	Polish	ear	21	uxɔ	u x ɔ	141
419	Norwegian	ear	21	øːɾə	øː ɾ ə	141
420	French	ear	21	ɔʁɛj	ɔ ʁ ɛ j	141
421	Czech	ear	21	ʊxo	ʊ x o	141
422	Icelandic	ear	21	eiːra	eiː r a	141
423	Italian	ear	21	ɔrekkjo	ɔ r e kː j o	141
424	Hindi	ear	21	kaːn	k aː n	140
425	Portuguese	ear	21	oreʎɐ	o r e ʎ ɐ	141
426	Dutch	earth	22	aːrdə	aː r d ə	146
427	Swedish	earth	22	joːrd	j oː r d	146
428	English	earth	22	ɜːrθ	ɜː r θ	146
429	German	earth	22	eːrdə	eː r d ə	146
430	Spanish	earth	22	tjera	t j e r a	144
431	Danish	earth	22	joˀʁ	j oˀ ʁ	146
432	Bulgarian	earth	22	zɛmʲə	z ɛ mʲ ə	145
433	Greek	earth	22	ʝi	ʝ i	142
434	Armenian	earth	22	hoʁ	h o ʁ	146
435	Romanian	earth	22	pəmɨnt	p ə m ɨ n t	147
436	Russian	earth	22	zʲɪmlʲa	zʲ ɪ m lʲ a	145
437	Polish	earth	22	ʑɛmʲa	ʑ ɛ mʲ a	145
438	Norwegian	earth	22	juːɾ	j uː ɾ	-146
439	French	earth	22	tɛʁ	t ɛ ʁ	144
440	Czech	earth	22	zɛmʲɛ	z ɛ mʲ ɛ	145
441	Icelandic	earth	22	jœrð	j œ r ð	146
442	Italian	earth	22	tɛrra	t ɛ rː a	144
443	Hindi	earth	22	dʱərtiː	dʱ ə r t iː	143
444	Portuguese	earth	22	tɛʀɐ	t ɛ ʀ ɐ	144
445	Dutch	eat (V)	23	eːtə	eː t ə	150
446	Swedish	eat (V)	23	ɛːta	ɛː t a	150
447	English	eat (V)	23	iːt	iː t	150
448	German	eat (V)	23	ɛsən	ɛ s ə n	150
449	Spanish	eat (V)	23	komeɾ	k o m e ɾ	150
450	Danish	eat (V)	23	sbiːsə	s b iː s ə	-149
451	Bulgarian	eat (V)	23	jam	j a m	150
452	Greek	eat (V)	23	troɣo	t r o ɣ o	153
453	Armenian	eat (V)	23	utɛl	u t ɛ l	150
454	Romanian	eat (V)	23	mɨnka	m ɨ n k a	148
455	Russian	eat (V)	23	jesʲtʲ	j e sʲ tʲ	150
456	Polish	eat (V)	23	jɛɕʨ	j ɛ ɕ ʨ	150
457	Norwegian	eat (V)	23	spiːsə	s p iː s ə	-149
458	French	eat (V)	23	mɑ̃ʒe	m ɑ̃ ʒ e	148
459	Czech	eat (V)	23	jiːst	j iː s t	150
460	Icelandic	eat (V)	23	pɔrða	p ɔ r ð a	152
461	Italian	eat (V)	23	manʤare	m a n ʤ a r e	148
462	Hindi	eat (V)	23	kʰaːnaː	kʰ aː n aː	151
463	Portuguese	eat (V)	23	kumer	k u m e r	150
464	Dutch	egg	24	ɛɪ	ɛɪ	154
465	Swedish	egg	24	egː	e gː	154
466	English	egg	24	ɛɡ	ɛ ɡ	154
467	German	egg	24	ai	ai	154
468	Spanish	egg	24	weβo	w e β o	154
469	Danish	egg	24	ɛˀg	ɛˀ g	154
470	Bulgarian	egg	24	jəiʦɛ	j əi ʦ ɛ	154
471	Greek	egg	24	avɣo	a v ɣ o	154
472	Armenian	egg	24	ʣu	ʣ u	155
473	Romanian	egg	24	ow	o w	154
474	Russian	egg	24	jɪjʦo	j ɪ j ʦ o	154
475	Polish	egg	24	jajkɔ	j a j k ɔ	154
476	Norwegian	egg	24	eg	e g	154
477	French	egg	24	œf	œ f	154
478	Czech	egg	24	vɛjʦɛ	v ɛ j ʦ ɛ	154
479	Icelandic	egg	24	ɛkː	ɛ kː	154
480	Italian	egg	24	wɔvo	w ɔ v o	154
481	Hindi	egg	24	ə̃ɳɖaː	ə̃ ɳ ɖ aː	156
482	Portuguese	egg	24	ovu	o v u	154
483	Dutch	eye	25	oːx	oː x	158
484	Swedish	eye	25	øːga	øː g a	158
485	English	eye	25	aɪ	aɪ	158
486	German	eye	25	auɡə	au ɡ ə	158
487	Spanish	eye	25	oxo	o x o	158
488	Danish	eye	25	ʌjə	ʌ j ə	158
489	Bulgarian	eye	25	okɔ	o k ɔ	158
490	Greek	eye	25	mati	m a t i	158
491	Armenian	eye	25	ɑʧʰkʰ	ɑ ʧʰ kʰ	158
492	Romanian	eye	25	oki	o k i	158
493	Russian	eye	25	ɡlas	ɡ l a s	157
494	Polish	eye	25	ɔkɔ	ɔ k ɔ	158
495	Norwegian	eye	25	œjə	œ j ə	158
496	French	eye	25	œj	œ j	158
497	Czech	eye	25	oko	o k o	158
498	Icelandic	eye	25	øyːɣa	øyː ɣ a	158
499	Italian	eye	25	ɔkkjo	ɔ kː j o	158
500	Hindi	eye	25	ãːkʰ	ãː kʰ	158
501	Portuguese	eye	25	oʎu	o ʎ u	158
502	Dutch	fat	26	vɛt	v ɛ t	166
503	Swedish	fat	26	fɛt	f ɛ t	166
504	English	fat	26	fæt	f æ t	166
505	German	fat	26	fɛt	f ɛ t	-166
506	Spanish	fat	26	ɡɾasa	ɡ ɾ a s a	160
507	Danish	fat	26	fed	f e d	166
508	Bulgarian	fat	26	məznina	m ə z n i n a	164
509	Greek	fat	26	lipos	l i p o s	168
510	Armenian	fat	26	ʧɑɾp	ʧ ɑ ɾ p	-161
511	Romanian	fat	26	grəsime	g r ə s i m e	160
512	Russian	fat	26	ʒɨr	ʒ ɨ r	165
513	Polish	fat	26	twuʃʧ	t w u ʃ ʧ	167
514	Norwegian	fat	26	fet	f e t	-166
515	French	fat	26	ɡʁɛs	ɡ ʁ ɛ s	160
516	Czech	fat	26	tʊk	t ʊ k	162
517	Icelandic	fat	26	fɪːta	f ɪː t a	166
518	Italian	fat	26	ɡrasso	ɡ r a sː o	160
519	Hindi	fat	26	ʧərbiː	ʧ ə r b iː	-169
520	Portuguese	fat	26	gurdurɐ	g u r d u r ɐ	163
521	Spanish	fat	26	ɡoɾðo	ɡ o ɾ ð o	163
522	Czech	fat	26	saːdlo	s aː d l o	159
523	Dutch	feather	27	veːr	v eː r	170
524	Swedish	feather	27	fjɛːder	f j ɛː d e r	170
525	English	feather	27	fɛðər	f ɛ ð ə r	170
526	German	feather	27	feːdər	f eː d ə r	170
527	Spanish	feather	27	pluma	p l u m a	172
528	Danish	feather	27	fjeðˀʌ	f j e ðˀ ʌ	170
529	Bulgarian	feather	27	pɛrɔ	p ɛ r ɔ	174
530	Greek	feather	27	ftero	f t e r o	170
531	Armenian	feather	27	pʰɛtuɾ	pʰ ɛ t u ɾ	-171
532	Romanian	feather	27	panə	p a n ə	170
533	Russian	feather	27	pʲɪro	pʲ ɪ r o	174
534	Polish	feather	27	pʲurɔ	pʲ u r ɔ	174
535	Norwegian	feather	27	fjæːɾ	f j æː ɾ	170
536	French	feather	27	plym	p l y m	172
537	Czech	feather	27	pɛːro	p ɛː r o	174
538	Icelandic	feather	27	fjœːðʏr	f j œː ð ʏ r	170
539	Italian	feather	27	pjuma	p j u m a	172
540	Hindi	feather	27	pə̃ŋkʰ	p ə̃ ŋ kʰ	173
541	Portuguese	feather	27	penɐ	p e n ɐ	170
542	Italian	feather	27	pɛnna	p ɛ nː a	170
543	Dutch	fire	28	vyːr	v yː r	181
544	Swedish	fire	28	elːd	e lː d	176
545	English	fire	28	faɪər	f aɪə r	181
546	German	fire	28	fɔyər	f ɔyə r	181
547	Spanish	fire	28	fweɣo	f w e ɣ o	179
548	Danish	fire	28	ilˀ	i lˀ	176
549	Bulgarian	fire	28	ɔɡən	ɔ ɡ ə n	178
550	Greek	fire	28	fotça	f o t ç a	175
551	Armenian	fire	28	kəɾɑk	k ə ɾ ɑ k	180
552	Romanian	fire	28	fok	f o k	179
553	Russian	fire	28	ɐɡonʲ	ɐ ɡ o nʲ	178
554	Polish	fire	28	ɔɡʲɛnʲ	ɔ ɡʲ ɛ nʲ	178
555	Norwegian	fire	28	ʋɑɾmə	ʋ ɑ ɾ m ə	177
556	French	fire	28	fø	f ø	179
557	Czech	fire	28	oɦɛnʲ	o ɦ ɛ nʲ	178
558	Icelandic	fire	28	ɛltʏr	ɛ l t ʏ r	176
559	Italian	fire	28	fwɔko	f w ɔ k o	179
560	Hindi	fire	28	aːg	aː g	178
561	Portuguese	fire	28	fogu	f o g u	179
562	Norwegian	fire	28	il	i l	176
563	Dutch	fish	29	vɪs	v ɪ s	182
564	Swedish	fish	29	fisːk	f i sː k	182
565	English	fish	29	fɪʃ	f ɪ ʃ	182
566	German	fish	29	fɪʃ	f ɪ ʃ	182
567	Spanish	fish	29	peskaðo	p e s k a ð o	182
568	Danish	fish	29	fesg	f e s g	182
569	Bulgarian	fish	29	ribə	r i b ə	184
570	Greek	fish	29	p͡sari	p͡s a r i	185
571	Armenian	fish	29	ʣuk	ʣ u k	183
572	Romanian	fish	29	peʃte	p e ʃ t e	182
573	Russian	fish	29	rɨbə	r ɨ b ə	184
574	Polish	fish	29	rɨba	r ɨ b a	184
575	Norwegian	fish	29	fisk	f i s k	182
576	French	fish	29	pwasõ	p w a s õ	182
577	Czech	fish	29	rɪba	r ɪ b a	184
578	Icelandic	fish	29	fɪskʏr	f ɪ s k ʏ r	182
579	Italian	fish	29	peʃʃe	p e ʃː e	182
580	Hindi	fish	29	məʧliː	m ə ʧ l iː	186
581	Portuguese	fish	29	pɐjʃə	p ɐ j ʃ ə	182
582	Dutch	fly (V)	30	vliːɣə	v l iː ɣ ə	190
583	Swedish	fly (V)	30	flʉga	f l ʉ g a	190
584	English	fly (V)	30	flaɪ	f l aɪ	190
585	German	fly (V)	30	fliːɡən	f l iː ɡ ə n	190
586	Spanish	fly (V)	30	bolaɾ	b o l a ɾ	187
587	Danish	fly (V)	30	flyːvə	f l yː v ə	190
588	Bulgarian	fly (V)	30	lɛtʲə	l ɛ tʲ ə	188
589	Greek	fly (V)	30	peto	p e t o	191
590	Armenian	fly (V)	30	tʰərʧʰɛl	tʰ ə r ʧʰ ɛ l	191
591	Romanian	fly (V)	30	zbura	z b u r a	187
592	Russian	fly (V)	30	lʲɪtʲetʲ	lʲ ɪ tʲ e tʲ	188
593	Polish	fly (V)	30	lataʨ	l a t a ʨ	188
594	Norwegian	fly (V)	30	flyː	f l yː	190
595	French	fly (V)	30	vɔle	v ɔ l e	187
596	Czech	fly (V)	30	lɛːtat	l ɛː t a t	188
597	Icelandic	fly (V)	30	fljuːa	f l j uːa	190
598	Italian	fly (V)	30	volare	v o l a r e	187
599	Hindi	fly (V)	30	ʊɽnaː	ʊ ɽ n aː	189
600	Portuguese	fly (V)	30	vwar	v w a r	187
601	Dutch	foot	31	vuːt	v uː t	194
602	Swedish	foot	31	foːt	f oː t	194
603	English	foot	31	fʊt	f ʊ t	194
604	German	foot	31	fuːs	f uː s	194
605	Spanish	foot	31	pje	p j e	194
606	Danish	foot	31	foˀð	f oˀ ð	194
607	Bulgarian	foot	31	krak	k r a k	193
608	Greek	foot	31	poði	p o ð i	194
609	Armenian	foot	31	votkʰ	v o t kʰ	194
610	Romanian	foot	31	piʧjor	p i ʧ j o r	194
611	Russian	foot	31	nɐɡa	n ɐ ɡ a	192
612	Polish	foot	31	nɔɡa	n ɔ ɡ a	192
613	Norwegian	foot	31	fuːt	f uː t	194
614	French	foot	31	pje	p j e	194
615	Czech	foot	31	noɦa	n o ɦ a	192
616	Icelandic	foot	31	fouːtʏr	f ouː t ʏ r	194
617	Italian	foot	31	pjɛde	p j ɛ d e	194
618	Hindi	foot	31	pɛːr	p ɛː r	194
619	Portuguese	foot	31	pɛ	p ɛ	194
620	Dutch	full	32	vɔl	v ɔ l	196
621	Swedish	full	32	fulː	f u lː	196
622	English	full	32	fʊl	f ʊ l	196
623	German	full	32	fɔl	f ɔ l	196
624	Spanish	full	32	ʎeno	ʎ e n o	196
625	Danish	full	32	fulˀ	f u lˀ	196
626	Bulgarian	full	32	pɤlɛn	p ɤ l ɛ n	196
627	Greek	full	32	ʝematos	ʝ e m a t o s	195
628	Armenian	full	32	likʰə	l i kʰ ə	196
629	Romanian	full	32	plin	p l i n	196
630	Russian	full	32	polnɨj	p o l n ɨ j	196
631	Polish	full	32	pɛwnɨ	p ɛ w n ɨ	196
632	Norwegian	full	32	fʉl	f ʉ l	196
633	French	full	32	plɛ̃	p l ɛ̃	196
634	Czech	full	32	pl̩niː	p l̩ n iː	196
635	Icelandic	full	32	fʏt͡lʏr	f ʏ t͡l ʏ r	196
636	Italian	full	32	pjɛno	p j ɛ n o	196
637	Hindi	full	32	puːraː	p uː r aː	196
638	Portuguese	full	32	ʃɐju	ʃ ɐ j u	196
639	Dutch	give (V)	33	xeːvə	x eː v ə	197
640	Swedish	give (V)	33	jiːva	j iː v a	197
641	English	give (V)	33	ɡɪv	ɡ ɪ v	197
642	German	give (V)	33	ɡeːbən	ɡ eː b ə n	197
643	Spanish	give (V)	33	daɾ	d a ɾ	198
644	Danish	give (V)	33	giˀ	g iˀ	197
645	Bulgarian	give (V)	33	davəm	d a v ə m	198
646	Greek	give (V)	33	ðino	ð i n o	198
647	Armenian	give (V)	33	tɑl	t ɑ l	198
648	Romanian	give (V)	33	da	d a	198
649	Russian	give (V)	33	datʲ	d a tʲ	198
650	Polish	give (V)	33	davaʨ	d a v a ʨ	198
651	Norwegian	give (V)	33	jiː	j iː	197
652	French	give (V)	33	dɔne	d ɔ n e	198
653	Czech	give (V)	33	daːt	d aː t	198
654	Icelandic	give (V)	33	cɛːva	c ɛː v a	197
655	Italian	give (V)	33	dare	d a r e	198
656	Hindi	give (V)	33	deːnaː	d eː n aː	198
657	Portuguese	give (V)	33	dar	d a r	198
658	Dutch	good	34	xuːt	x uː t	205
659	Swedish	good	34	guːd	g uː d	205
660	English	good	34	ɡʊd	ɡ ʊ d	205
661	German	good	34	ɡuːt	ɡ uː t	205
662	Spanish	good	34	bweno	b w e n o	200
663	Danish	good	34	goˀ	g oˀ	205
664	Bulgarian	good	34	dobɤr	d o b ɤ r	204
665	Greek	good	34	kalos	k a l o s	199
666	Armenian	good	34	lɑv	l ɑ v	202
667	Romanian	good	34	bun	b u n	200
668	Russian	good	34	xɐroʃɨj	x ɐ r o ʃ ɨ j	201
669	Polish	good	34	dɔbrɨ	d ɔ b r ɨ	204
670	Norwegian	good	34	guː	g uː	205
671	French	good	34	bɔ̃	b ɔ̃	200
672	Czech	good	34	dobriː	d o b r iː	204
673	Icelandic	good	34	kouːðʏr	k ouː ð ʏ r	205
674	Italian	good	34	bwɔno	b w ɔ n o	200
675	Hindi	good	34	əʧʧʰaː	ə ʧːʰ aː	203
676	Portuguese	good	34	bõ	b õ	200
677	Dutch	green	35	xruːn	x r uː n	209
678	Swedish	green	35	grøːn	g r øː n	209
679	English	green	35	ɡriːn	ɡ r iː n	209
680	German	green	35	ɡryːn	ɡ r yː n	209
681	Spanish	green	35	beɾðe	b e ɾ ð e	208
682	Danish	green	35	gʁɶnˀ	g ʁ ɶ nˀ	209
683	Bulgarian	green	35	zɛlɛn	z ɛ l ɛ n	207
684	Greek	green	35	prasinos	p r a s i n o s	210
685	Armenian	green	35	kɑnɑʧʰ	k ɑ n ɑ ʧʰ	-206
686	Romanian	green	35	verde	v e r d e	208
687	Russian	green	35	zʲɪlʲonɨj	zʲ ɪ lʲ o n ɨ j	207
688	Polish	green	35	ʑɛlɔnɨ	ʑ ɛ l ɔ n ɨ	207
689	Norwegian	green	35	gɾœn	g ɾ œ n	209
690	French	green	35	vɛʁ	v ɛ ʁ	208
691	Czech	green	35	zɛlɛniː	z ɛ l ɛ n iː	207
692	Icelandic	green	35	krait͡n	k r ai t͡n	209
693	Italian	green	35	verde	v e r d e	208
694	Hindi	green	35	ɦəraː	ɦ ə r aː	207
695	Portuguese	green	35	verdə	v e r d ə	208
696	Dutch	hair	36	haːr	h aː r	217
697	Swedish	hair	36	hoːr	h oː r	217
698	English	hair	36	hɛər	h ɛə r	217
699	German	hair	36	haːr	h aː r	217
700	Spanish	hair	36	kaβeʎo	k a β e ʎ o	216
701	Danish	hair	36	hɒˀ	h ɒˀ	217
702	Bulgarian	hair	36	kɔsəm	k ɔ s ə m	215
703	Greek	hair	36	trixa	t r i x a	214
704	Armenian	hair	36	mɑz	m ɑ z	-211
705	Romanian	hair	36	pər	p ə r	213
706	Russian	hair	36	voləsɨ	v o l ə s ɨ	212
707	Polish	hair	36	vwɔsɨ	v w ɔ s ɨ	212
708	Norwegian	hair	36	hoːɾ	h oː ɾ	217
709	French	hair	36	ʃəvø	ʃ ə v ø	216
710	Czech	hair	36	vlasɪ	v l a s ɪ	212
711	Icelandic	hair	36	hauːr	h auː r	217
712	Italian	hair	36	kapello	k a p e lː o	216
713	Hindi	hair	36	baːl	b aː l	212
714	Portuguese	hair	36	kɐbelu	k ɐ b e l u	216
715	Dutch	hand	37	hɑnt	h ɑ n t	218
716	Swedish	hand	37	hanːd	h a nː d	218
717	English	hand	37	hænd	h æ n d	218
718	German	hand	37	hant	h a n t	218
719	Spanish	hand	37	mano	m a n o	221
720	Danish	hand	37	hʌnˀ	h ʌ nˀ	218
721	Bulgarian	hand	37	rəka	r ə k a	220
722	Greek	hand	37	çeri	ç e r i	219
723	Armenian	hand	37	ʣɛrkʰ	ʣ ɛ r kʰ	219
724	Romanian	hand	37	mɨnə	m ɨ n ə	221
725	Russian	hand	37	ruka	r u k a	220
726	Polish	hand	37	rɛ̃ka	r ɛ̃ k a	220
727	Norwegian	hand	37	hɔn	h ɔ n	-218
728	French	hand	37	mɛ̃	m ɛ̃	221
729	Czech	hand	37	rʊka	r ʊ k a	220
730	Icelandic	hand	37	hœnt	h œ n t	218
731	Italian	hand	37	mano	m a n o	221
732	Hindi	hand	37	haːtʰ	h aː tʰ	219
733	Portuguese	hand	37	mɐ̃w	m ɐ̃ w	221
734	Dutch	head	38	hoːft	h oː f t	223
735	Swedish	head	38	huːvud	h uː v u d	223
736	English	head	38	hɛd	h ɛ d	223
737	German	head	38	kɔp͡f	k ɔ p͡f	-224
738	Spanish	head	38	kaβeθa	k a β e θ a	227
739	Danish	head	38	hoːəð	h oːə ð	223
740	Bulgarian	head	38	ɡləva	ɡ l ə v a	228
741	Greek	head	38	cefali	c e f a l i	225
742	Armenian	head	38	gəluχ	g ə l u χ	228
743	Romanian	head	38	kap	k a p	227
744	Russian	head	38	ɡəlɐva	ɡ ə l ɐ v a	228
745	Polish	head	38	ɡwɔva	ɡ w ɔ v a	228
746	Norwegian	head	38	huːdə	h uː d ə	223
747	French	head	38	tɛt	t ɛ t	222
748	Czech	head	38	ɦlava	ɦ l a v a	228
749	Icelandic	head	38	hœvʏð	h œ v ʏ ð	223
750	Italian	head	38	tɛsta	t ɛ s t a	222
751	Hindi	head	38	sər	s ə r	226
752	Portuguese	head	38	kɐbesɐ	k ɐ b e s ɐ	227
753	Dutch	hear (V)	39	hoːrə	h oː r ə	230
754	Swedish	hear (V)	39	høːra	h øː r a	230
755	English	hear (V)	39	hɪər	h ɪə r	230
756	German	hear (V)	39	høːrən	h øː r ə n	230
757	Spanish	hear (V)	39	o.ir	o i r	229
758	Danish	hear (V)	39	høːʌ	h øːʌ	230
759	Bulgarian	hear (V)	39	ʧuvəm	ʧ u v ə m	230
760	Greek	hear (V)	39	akuo	a k uo	230
761	Armenian	hear (V)	39	ləsɛl	l ə s ɛ l	231
762	Romanian	hear (V)	39	awzi	a w z i	229
763	Russian	hear (V)	39	sluʃatʲ	s l u ʃ a tʲ	231
764	Polish	hear (V)	39	swɨʃɛʨ	s w ɨ ʃ ɛ ʨ	231
765	Norwegian	hear (V)	39	høːɾə	h øː ɾ ə	230
766	French	hear (V)	39	ɑ̃tɑ̃dʁ	ɑ̃ t ɑ̃ d ʁ	232
767	Czech	hear (V)	39	slɪʃɛt	s l ɪ ʃ ɛ t	231
768	Icelandic	hear (V)	39	heiːra	h eiː r a	230
769	Italian	hear (V)	39	udire	u d i r e	229
770	Hindi	hear (V)	39	sʊnnaː	s ʊ nː aː	231
771	Portuguese	hear (V)	39	ovir	o v i r	229
772	Dutch	heart	40	hɑrt	h ɑ r t	235
773	Swedish	heart	40	jɛrta	j ɛ r t a	235
774	English	heart	40	hɑːrt	h ɑː r t	235
775	German	heart	40	hɛrt͡s	h ɛ r t͡s	235
776	Spanish	heart	40	koraθon	k o r a θ o n	235
777	Danish	heart	40	jæʁdə	j æ ʁ d ə	235
778	Bulgarian	heart	40	sərʦɛ	s ə r ʦ ɛ	235
779	Greek	heart	40	karðʝa	k a r ð ʝ a	235
780	Armenian	heart	40	siɾt	s i ɾ t	235
781	Romanian	heart	40	inimə	i n i m ə	234
782	Russian	heart	40	sʲɛrʦə	sʲ ɛ r ʦ ə	235
783	Polish	heart	40	sɛrʦɛ	s ɛ r ʦ ɛ	235
784	Norwegian	heart	40	jæʈə	j æ ʈ ə	-235
785	French	heart	40	kœʁ	k œ ʁ	235
786	Czech	heart	40	sr̩ʦɛ	s r̩ ʦ ɛ	235
787	Icelandic	heart	40	çar̥ta	ç a r̥ t a	235
788	Italian	heart	40	kwɔre	k w ɔ r e	235
789	Hindi	heart	40	dɪl	d ɪ l	-233
790	Portuguese	heart	40	kurɐsõ	k u r ɐ s õ	235
791	Dutch	horn	41	hoːrn	h oː r n	238
792	Swedish	horn	41	hoːrn	h oː r n	238
793	English	horn	41	hɔːrn	h ɔː r n	238
794	German	horn	41	hɔrn	h ɔ r n	238
795	Spanish	horn	41	kweɾno	k w e ɾ n o	238
796	Danish	horn	41	hoʁˀn	h o ʁˀ n	238
797	Bulgarian	horn	41	rok	r o k	237
798	Greek	horn	41	cerato	c e r a t o	238
799	Armenian	horn	41	poz	p o z	-236
800	Romanian	horn	41	korn	k o r n	238
801	Russian	horn	41	rok	r o k	237
802	Polish	horn	41	ruk	r u k	237
803	Norwegian	horn	41	huːɳ	h uː ɳ	238
804	French	horn	41	kɔʁn	k ɔ ʁ n	238
805	Czech	horn	41	rox	r o x	237
806	Icelandic	horn	41	hɔrt͡n	h ɔ r t͡n	238
807	Italian	horn	41	kɔrno	k ɔ r n o	238
808	Hindi	horn	41	sĩːg	s ĩː g	238
809	Portuguese	horn	41	kornu	k o r n u	238
810	Dutch	I	42	ɪk	ɪ k	240
811	Swedish	I	42	jaːg	j aː g	240
812	English	I	42	aɪ	aɪ	240
813	German	I	42	ɪx	ɪ x	240
814	Spanish	I	42	ʝo	ʝ o	240
815	Danish	I	42	jɑj	j ɑ j	240
816	Bulgarian	I	42	as	a s	240
817	Greek	I	42	eɣo	e ɣ o	240
818	Armenian	I	42	jɛs	j ɛ s	240
819	Romanian	I	42	jo	j o	240
820	Russian	I	42	ja	j a	240
821	Polish	I	42	ja	j a	240
822	Norwegian	I	42	jæj	j æ j	240
823	French	I	42	ʒə	ʒ ə	240
824	Czech	I	42	jaː	j aː	240
825	Icelandic	I	42	jɛɣ	j ɛ ɣ	240
826	Italian	I	42	io	io	240
827	Hindi	I	42	mɛ̃ː	m ɛ̃ː	239
828	Portuguese	I	42	ew	e w	240
829	Dutch	kill (V)	43	doːdə	d oː d ə	242
830	Swedish	kill (V)	43	døːda	d øː d a	242
831	English	kill (V)	43	kɪl	k ɪ l	245
832	German	kill (V)	43	tøːtən	t øː t ə n	242
833	Spanish	kill (V)	43	mataɾ	m a t a ɾ	249
834	Danish	kill (V)	43	dʁɛːbə	d ʁ ɛː b ə	248
835	Bulgarian	kill (V)	43	ubivəm	u b i v ə m	246
836	Greek	kill (V)	43	skotono	s k o t o n o	244
837	Armenian	kill (V)	43	spɑnɛl	s p ɑ n ɛ l	241
838	Romanian	kill (V)	43	uʧide	u ʧ i d e	250
839	Russian	kill (V)	43	ubʲitʲ	u bʲ i tʲ	246
840	Polish	kill (V)	43	zabijaʨ	z a b i j a ʨ	246
841	Norwegian	kill (V)	43	dɾeːpə	d ɾ eː p ə	248
842	French	kill (V)	43	tɥe	t ɥ e	243
843	Czech	kill (V)	43	zabiːjɛt	z a b iː j ɛ t	246
844	Icelandic	kill (V)	43	trɛːpa	t r ɛː p a	248
845	Italian	kill (V)	43	uʧːidere	u ʧː i d e r e	250
846	Hindi	kill (V)	43	maːrnaː	m aː r n aː	247
847	Portuguese	kill (V)	43	mɐtar	m ɐ t a r	249
848	Swedish	kill (V)	43	drɛpa	d r ɛ p a	248
849	Dutch	knee	44	kniː	k n iː	254
850	Swedish	knee	44	knɛː	k n ɛː	254
851	English	knee	44	niː	n iː	254
852	German	knee	44	kniː	k n iː	254
853	Spanish	knee	44	roðiʎa	r o ð i ʎ a	251
854	Danish	knee	44	knɛˀ	k n ɛˀ	254
855	Bulgarian	knee	44	kolʲano	k o lʲ a n o	252
856	Greek	knee	44	ɣonato	ɣ o n a t o	254
857	Armenian	knee	44	ʦunk	ʦ u n k	254
858	Romanian	knee	44	ʤenunkʲ	ʤ e n u n kʲ	254
859	Russian	knee	44	kɐlʲenə	k ɐ lʲ e n ə	252
860	Polish	knee	44	kɔlanɔ	k ɔ l a n ɔ	252
861	Norwegian	knee	44	kneː	k n eː	254
862	French	knee	44	ʒənu	ʒ ə n u	254
863	Czech	knee	44	kolɛno	k o l ɛ n o	252
864	Icelandic	knee	44	kʰniɛː	kʰ n iɛː	254
865	Italian	knee	44	ʤinɔkkjo	ʤ i n ɔ kː j o	254
866	Hindi	knee	44	gʱʊʈnaː	gʱ ʊ ʈ n aː	-253
867	Portuguese	knee	44	ʒuɐʎu	ʒ uɐ ʎ u	254
868	Dutch	know (V)	45	ʋeːtə	ʋ eː t ə	256
869	Swedish	know (V)	45	ɕɛnna	ɕ ɛ nː a	257
870	English	know (V)	45	nəʊ	n əʊ	257
871	German	know (V)	45	vɪsən	v ɪ s ə n	256
872	Spanish	know (V)	45	konoθer	k o n o θ e r	257
873	Danish	know (V)	45	viːðə	v iː ð ə	256
874	Bulgarian	know (V)	45	znajə	z n a j ə	257
875	Greek	know (V)	45	k͡sero	k͡s e r o	258
876	Armenian	know (V)	45	gitɛnɑl	g i t ɛ n ɑ l	256
877	Romanian	know (V)	45	ʃti	ʃ t i	259
878	Russian	know (V)	45	znatʲ	z n a tʲ	257
879	Polish	know (V)	45	znaʨ	z n a ʨ	257
880	Norwegian	know (V)	45	ʋiːtə	ʋ iː t ə	256
881	French	know (V)	45	savwaʁ	s a v w a ʁ	255
882	Czech	know (V)	45	znaːt	z n aː t	257
883	Icelandic	know (V)	45	vɪːta	v ɪː t a	256
884	Italian	know (V)	45	konoʃʃere	k o n o ʃː e r e	257
885	Hindi	know (V)	45	ʤaːnnaː	ʤ aː nː aː	257
886	Portuguese	know (V)	45	kuɲəser	k u ɲ ə s e r	257
887	Dutch	know (V)	45	kɛnə	k ɛ n ə	257
888	Swedish	know (V)	45	veta	v e t a	256
889	German	know (V)	45	kɛnən	k ɛ n ə n	257
890	Spanish	know (V)	45	saβeɾ	s a β e ɾ	255
891	Danish	know (V)	45	kɛnə	k ɛ n ə	257
892	Greek	know (V)	45	ɣnorizo	ɣ n o r i z o	257
893	Romanian	know (V)	45	kunwaʃte	k u n w a ʃ t e	257
894	Polish	know (V)	45	vʲɛʥɛʨ	vʲ ɛ ʥ ɛ ʨ	256
895	Norwegian	know (V)	45	çenə	ç e n ə	257
896	French	know (V)	45	kɔnɛtʁ	k ɔ n ɛ t ʁ	257
897	Czech	know (V)	45	vʲɛdʲɛt	vʲ ɛ dʲ ɛ t	256
898	Italian	know (V)	45	sapere	s a p e r e	255
899	Portuguese	know (V)	45	sɐber	s ɐ b e r	255
900	Dutch	leaf	46	blɑt	b l ɑ t	262
901	Swedish	leaf	46	blad	b l a d	262
902	English	leaf	46	liːf	l iː f	264
903	German	leaf	46	blat	b l a t	262
904	Spanish	leaf	46	oxa	o x a	262
905	Danish	leaf	46	blað	b l a ð	262
906	Bulgarian	leaf	46	list	l i s t	263
907	Greek	leaf	46	filo	f i l o	262
908	Armenian	leaf	46	tɛɾɛv	t ɛ ɾ ɛ v	260
909	Romanian	leaf	46	fwaje	f w a j e	262
910	Russian	leaf	46	lʲist	lʲ i s t	263
911	Polish	leaf	46	liɕʨ	l i ɕ ʨ	263
912	Norwegian	leaf	46	blɑː	b l ɑː	-262
913	French	leaf	46	fœj	f œ j	262
914	Czech	leaf	46	lɪst	l ɪ s t	263
915	Icelandic	leaf	46	plaːð	p l aː ð	262
916	Italian	leaf	46	fɔʎʎa	f ɔ ʎː a	262
917	Hindi	leaf	46	pəttaː	p ə tː aː	261
918	Portuguese	leaf	46	foʎɐ	f o ʎ ɐ	262
919	Swedish	leaf	46	blad	b l a d	262
920	Norwegian	leaf	46	løːʋ	l øː ʋ	264
921	Icelandic	leaf	46	løyːv	l øyː v	264
922	Dutch	lie (V)	47	lɪɣə	l ɪ ɣ ə	269
923	Swedish	lie (V)	47	ligːa	l i gː a	269
924	English	lie (V)	47	laɪ	l aɪ	269
925	German	lie (V)	47	liːɡən	l iː ɡ ə n	269
926	Spanish	lie (V)	47	kostaðo	k o s t a ð o	270
927	Danish	lie (V)	47	legə	l e g ə	269
928	Bulgarian	lie (V)	47	lɛʒə	l ɛ ʒ ə	269
929	Armenian	lie (V)	47	pɑrkɛl	p ɑ r k ɛ l	-266
930	Romanian	lie (V)	47	kulka	k u l k a	265
931	Russian	lie (V)	47	lʲɪʒatʲ	lʲ ɪ ʒ a tʲ	269
932	Polish	lie (V)	47	lɛʒɛʨ	l ɛ ʒ ɛ ʨ	269
933	Norwegian	lie (V)	47	ligə	l i g ə	269
934	French	lie (V)	47	kuʃe	k u ʃ e	265
935	Czech	lie (V)	47	lɛʒɛt	l ɛ ʒ ɛ t	269
936	Icelandic	lie (V)	47	lɪcːa	l ɪ cː a	269
937	Italian	lie (V)	47	ʤaʧere	ʤ a ʧ e r e	268
938	Hindi	lie (V)	47	leʈnaː	l e ʈ n aː	267
939	Portuguese	lie (V)	47	dɐjtar	d ɐ j t a r	268
940	Dutch	liver	48	leːvər	l eː v ə r	273
941	Swedish	liver	48	leːver	l eː v e r	273
942	English	liver	48	lɪvər	l ɪ v ə r	273
943	German	liver	48	leːbər	l eː b ə r	273
944	Spanish	liver	48	iɣaðo	i ɣ a ð o	271
945	Danish	liver	48	lewˀʌ	l e wˀ ʌ	273
946	Bulgarian	liver	48	drop	d r o p	275
947	Greek	liver	48	sikoti	s i k o t i	-274
948	Armenian	liver	48	lɪɑrtʰ	l ɪɑ r tʰ	273
949	Romanian	liver	48	fikat	f i k a t	271
950	Russian	liver	48	pʲeʧʲɪnʲ	pʲ e ʧʲ ɪ nʲ	278
951	Polish	liver	48	vɔ̃trɔba	v ɔ̃ t r ɔ b a	277
952	Norwegian	liver	48	leʋəɾ	l e ʋ ə ɾ	-273
953	French	liver	48	fwɑ	f w ɑ	271
954	Czech	liver	48	jaːtra	j aː t r a	272
955	Icelandic	liver	48	lɪːvʏr	l ɪː v ʏ r	273
956	Italian	liver	48	feɡato	f e ɡ a t o	271
957	Hindi	liver	48	kəleːʤaː	k ə l eː ʤ aː	276
958	Portuguese	liver	48	figɐdu	f i g ɐ d u	271
959	Dutch	long	49	lɑŋ	l ɑ ŋ	281
960	Swedish	long	49	loŋː	l o ŋː	281
961	English	long	49	lɔŋ	l ɔ ŋ	281
962	German	long	49	laŋ	l a ŋ	281
963	Spanish	long	49	laɾɣo	l a ɾ ɣ o	283
964	Danish	long	49	lɑŋˀ	l ɑ ŋˀ	281
965	Bulgarian	long	49	dɤlək	d ɤ l ə k	281
966	Greek	long	49	makris	m a k r i s	282
967	Armenian	long	49	jɛɾkɑɾ	j ɛ ɾ k ɑ ɾ	280
968	Romanian	long	49	luŋ	l u ŋ	281
969	Russian	long	49	dlʲinnɨj	d lʲ i nː ɨ j	281
970	Polish	long	49	dwuɡi	d w u ɡ i	281
971	Norwegian	long	49	lɑŋ	l ɑ ŋ	281
972	French	long	49	lõ	l õ	281
973	Czech	long	49	dlowɦiː	d l o w ɦ iː	281
974	Icelandic	long	49	laŋkʏr	l a ŋ k ʏ r	281
975	Italian	long	49	lunɡo	l u n ɡ o	281
976	Hindi	long	49	ləmbaː	l ə m b aː	279
977	Portuguese	long	49	lõgu	l õ g u	281
978	Dutch	louse	50	lœys	l œy s	286
979	Swedish	louse	50	luːs	l uː s	286
980	English	louse	50	laʊs	l aʊ s	286
981	German	louse	50	laus	l au s	286
982	Spanish	louse	50	pjoxo	p j o x o	288
983	Danish	louse	50	luˀs	l uˀ s	286
984	Bulgarian	louse	50	vɤʃkə	v ɤ ʃ k ə	284
985	Greek	louse	50	p͡sira	p͡s i r a	285
986	Armenian	louse	50	voʧʰil	v o ʧʰ i l	287
987	Romanian	louse	50	pəduke	p ə d u k e	288
988	Russian	louse	50	voʃ	v o ʃ	284
989	Polish	louse	50	vɛʃ	v ɛ ʃ	284
990	Norwegian	louse	50	lʉːs	l ʉː s	286
991	French	louse	50	pu	p u	288
992	Czech	louse	50	vɛʃ	v ɛ ʃ	284
993	Icelandic	louse	50	luːs	l uː s	286
994	Italian	louse	50	pidɔkkjo	p i d ɔ kː j o	288
995	Hindi	louse	50	ʤuː	ʤ uː	284
996	Portuguese	louse	50	pi.oʎu	p i o ʎ u	288
997	Dutch	man	51	mɑn	m ɑ n	293
998	Swedish	man	51	manː	m a nː	293
999	English	man	51	mæn	m æ n	293
1000	German	man	51	man	m a n	293
1001	Danish	man	51	manˀ	m a nˀ	293
1002	Bulgarian	man	51	mɤʃ	m ɤ ʃ	293
1003	Greek	man	51	anðras	a n ð r a s	292
1004	Romanian	man	51	bərbat	b ə r b a t	289
1005	Russian	man	51	muʃʃinə	m u ʃː i n ə	293
1006	Polish	man	51	mɛ̃ʃʧɨzna	m ɛ̃ ʃ ʧ ɨ z n a	293
1007	Norwegian	man	51	mɑn	m ɑ n	293
1008	Czech	man	51	mʊʃ	m ʊ ʃ	293
1009	Icelandic	man	51	maːðʏr	m aː ð ʏ r	293
1010	Hindi	man	51	mərd	m ə r d	-290
1011	Portuguese	man	51	ɔmɐ̃	ɔ m ɐ̃	291
1012	Romanian	man	51	om	o m	291
1013	Dutch	many	52	veːl	v eː l	302
1014	Swedish	many	52	mʏkɛt	m ʏ k ɛ t	295
1015	English	many	52	mɛnɪ	m ɛ n ɪ	296
1016	German	many	52	fiːl	f iː l	302
1017	Spanish	many	52	muʧo	m u ʧ o	294
1018	Danish	many	52	mɑŋən	m ɑ ŋ ə n	296
1019	Bulgarian	many	52	mnɔgo	m n ɔ g o	296
1020	Greek	many	52	poliariθmos	p o l ia r i θ m o s	302
1021	Armenian	many	52	ʃɑt	ʃ ɑ t	-298
1022	Romanian	many	52	mulʦʲ	m u l ʦʲ	294
1023	Russian	many	52	mnoɡə	m n o ɡ ə	296
1024	Polish	many	52	vʲɛlɛ	vʲ ɛ l ɛ	297
1025	Norwegian	many	52	mɑŋə	m ɑ ŋ ə	296
1026	French	many	52	boku	b o k u	301
1027	Czech	many	52	mnoɦo	m n o ɦ o	296
1028	Icelandic	many	52	mɪːcɪð	m ɪː c ɪ ð	295
1029	Italian	many	52	molto	m o l t o	294
1030	Hindi	many	52	bəhʊt	b ə h ʊ t	299
1031	Portuguese	many	52	mũj̃tu	m ũ j̃ t u	294
1032	Swedish	many	52	moŋːa	m o ŋː a	296
1033	English	many	52	mʌʧ	m ʌ ʧ	295
1034	Polish	many	52	duʒɔ	d u ʒ ɔ	300
1035	Norwegian	many	52	meːgət	m eː g ə t	295
1036	Dutch	meat	53	vleːs	v l eː s	303
1037	Swedish	meat	53	ɕøtː	ɕ ø tː	309
1038	English	meat	53	miːt	m iː t	305
1039	German	meat	53	flaiʃ	f l ai ʃ	303
1040	Spanish	meat	53	kaɾne	k a ɾ n e	306
1041	Danish	meat	53	køð	k ø ð	309
1042	Bulgarian	meat	53	mɛsɔ	m ɛ s ɔ	307
1043	Greek	meat	53	kreas	k r ea s	304
1044	Armenian	meat	53	mis	m i s	307
1045	Romanian	meat	53	karne	k a r n e	306
1046	Russian	meat	53	mʲasə	mʲ a s ə	307
1047	Polish	meat	53	mʲɛ̃sɔ	mʲ ɛ̃ s ɔ	307
1048	Norwegian	meat	53	çœt	ç œ t	309
1049	French	meat	53	ʃɛʁ	ʃ ɛ ʁ	306
1050	Czech	meat	53	maso	m a s o	307
1051	Icelandic	meat	53	kʰjœːt	kʰ j œː t	309
1052	Italian	meat	53	karne	k a r n e	306
1053	Hindi	meat	53	goːʃt	g oː ʃ t	-310
1054	Portuguese	meat	53	karnə	k a r n ə	306
1055	French	meat	53	vjɑ̃d	v j ɑ̃ d	308
1056	Dutch	moon	54	maːn	m aː n	315
1057	Swedish	moon	54	moːne	m oː n e	315
1058	English	moon	54	muːn	m uː n	315
1059	German	moon	54	moːnt	m oː n t	315
1060	Spanish	moon	54	luna	l u n a	311
1061	Danish	moon	54	mɔːnə	m ɔː n ə	315
1062	Bulgarian	moon	54	luna	l u n a	311
1063	Greek	moon	54	selini	s e l i n i	-316
1064	Armenian	moon	54	lusin	l u s i n	311
1065	Romanian	moon	54	lunə	l u n ə	311
1066	Russian	moon	54	luna	l u n a	311
1067	Polish	moon	54	kɕɛ̃ʒɨʦ	k ɕ ɛ̃ ʒ ɨ ʦ	-312
1068	Norwegian	moon	54	mɑːnə	m ɑː n ə	315
1069	French	moon	54	lyn	l y n	311
1070	Czech	moon	54	mʲɛsiːʦ	mʲ ɛ s iː ʦ	315
1071	Icelandic	moon	54	tʰuŋl	tʰ u ŋ l	313
1072	Italian	moon	54	luna	l u n a	311
1073	Hindi	moon	54	ʧãd	ʧ ã d	314
1074	Portuguese	moon	54	luɐ	l uɐ	311
1075	Icelandic	moon	54	mauːnɪ	m auː n ɪ	315
1076	Dutch	mountain	55	bɛrx	b ɛ r x	317
1077	Swedish	mountain	55	bɛrːj	b ɛ rː j	317
1078	English	mountain	55	maʊntɪn	m aʊ n t ɪ n	-319
1079	German	mountain	55	bɛrk	b ɛ r k	317
1080	Spanish	mountain	55	montaɲa	m o n t a ɲ a	323
1081	Danish	mountain	55	bjæʁˀw	b j æ ʁˀ w	317
1082	Bulgarian	mountain	55	plənina	p l ə n i n a	322
1083	Greek	mountain	55	oros	o r o s	321
1084	Armenian	mountain	55	sɑɾ	s ɑ ɾ	320
1085	Romanian	mountain	55	munte	m u n t e	323
1086	Russian	mountain	55	ɡɐra	ɡ ɐ r a	324
1087	Polish	mountain	55	ɡura	ɡ u r a	324
1088	Norwegian	mountain	55	fjel	f j e l	318
1089	French	mountain	55	mɔ̃taɲ	m ɔ̃ t a ɲ	323
1090	Czech	mountain	55	ɦora	ɦ o r a	324
1091	Icelandic	mountain	55	fjat͡l	f j a t͡l	318
1092	Italian	mountain	55	montaɲɲa	m o n t a ɲː a	323
1093	Hindi	mountain	55	pəɦaːɽ	p ə ɦ aː ɽ	318
1094	Portuguese	mountain	55	mõtə	m õ t ə	323
1095	Danish	mountain	55	fjɛlˀ	f j ɛ lˀ	318
1096	Czech	mountain	55	vr̩x	v r̩ x	325
1097	Dutch	mouth	56	mɔnt	m ɔ n t	328
1098	Swedish	mouth	56	munː	m u nː	328
1099	English	mouth	56	maʊð	m aʊ ð	328
1100	German	mouth	56	mʊnt	m ʊ n t	328
1101	Spanish	mouth	56	boka	b o k a	327
1102	Danish	mouth	56	mɔnˀ	m ɔ nˀ	328
1103	Bulgarian	mouth	56	usta	u s t a	329
1104	Greek	mouth	56	stoma	s t o m a	330
1105	Armenian	mouth	56	bɛɾɑn	b ɛ ɾ ɑ n	333
1106	Romanian	mouth	56	gurə	g u r ə	326
1107	Russian	mouth	56	rot	r o t	332
1108	Polish	mouth	56	usta	u s t a	329
1109	Norwegian	mouth	56	mʉn	m ʉ n	328
1110	French	mouth	56	buʃ	b u ʃ	327
1111	Czech	mouth	56	uːsta	uː s t a	329
1112	Icelandic	mouth	56	mʏnːʏr	m ʏ nː ʏ r	328
1113	Italian	mouth	56	bokka	b o kː a	327
1114	Hindi	mouth	56	mʊ̃ɦ	m ʊ̃ ɦ	331
1115	Portuguese	mouth	56	bokɐ	b o k ɐ	327
1116	Dutch	name	57	naːm	n aː m	334
1117	Swedish	name	57	namːn	n a mː n	334
1118	English	name	57	neɪm	n eɪ m	334
1119	German	name	57	naːmə	n aː m ə	334
1120	Spanish	name	57	nombɾe	n o m b ɾ e	334
1121	Danish	name	57	nɑwˀn	n ɑ wˀ n	334
1122	Bulgarian	name	57	imɛ	i m ɛ	334
1123	Greek	name	57	onoma	o n o m a	334
1124	Armenian	name	57	ɑnun	ɑ n u n	334
1125	Romanian	name	57	nume	n u m e	334
1126	Russian	name	57	imʲə	i mʲ ə	334
1127	Polish	name	57	imʲɛ̃	i mʲ ɛ̃	334
1128	Norwegian	name	57	nɑʋn	n ɑ ʋ n	-334
1129	French	name	57	nɔ̃	n ɔ̃	334
1130	Czech	name	57	jmɛːno	j m ɛː n o	334
1131	Icelandic	name	57	napn	n a p n	334
1132	Italian	name	57	nome	n o m e	334
1133	Hindi	name	57	naːm	n aː m	334
1134	Portuguese	name	57	nomə	n o m ə	334
1135	Dutch	neck	58	hɑls	h ɑ l s	339
1136	Swedish	neck	58	halːs	h a lː s	339
1137	English	neck	58	nɛk	n ɛ k	342
1138	German	neck	58	hals	h a l s	339
1139	Spanish	neck	58	kweʎo	k w e ʎ o	339
1140	Danish	neck	58	halˀs	h a lˀ s	339
1141	Bulgarian	neck	58	ʃijə	ʃ i j ə	340
1142	Armenian	neck	58	viz	v i z	341
1143	Romanian	neck	58	gɨt	g ɨ t	-338
1144	Russian	neck	58	ʃejə	ʃ e j ə	340
1145	Polish	neck	58	ʃɨja	ʃ ɨ j a	340
1146	Norwegian	neck	58	hɑls	h ɑ l s	339
1147	French	neck	58	ku	k u	339
1148	Czech	neck	58	kr̩k	k r̩ k	335
1149	Icelandic	neck	58	hauls	h au l s	339
1150	Italian	neck	58	kɔllo	k ɔ lː o	339
1151	Hindi	neck	58	gəlaː	g ə l aː	336
1152	Portuguese	neck	58	kɔlu	k ɔ l u	339
1153	Dutch	neck	58	nɛk	n ɛ k	342
1154	Bulgarian	neck	58	vrat	v r a t	337
1155	Dutch	new	59	niːʋ	n iː ʋ	343
1156	Swedish	new	59	nyː	n yː	343
1157	English	new	59	njuː	n j uː	343
1158	German	new	59	nɔy	n ɔy	343
1159	Spanish	new	59	nweβo	n w e β o	343
1160	Danish	new	59	nyˀ	n yˀ	343
1161	Bulgarian	new	59	nɔf	n ɔ f	343
1162	Greek	new	59	neos	n eo s	343
1163	Armenian	new	59	noɾ	n o ɾ	343
1164	Romanian	new	59	now	n o w	343
1165	Russian	new	59	novɨj	n o v ɨ j	343
1166	Polish	new	59	nɔvɨ	n ɔ v ɨ	343
1167	Norwegian	new	59	nyː	n yː	343
1168	French	new	59	nœf	n œ f	343
1169	Czech	new	59	noviː	n o v iː	343
1170	Icelandic	new	59	niːr	n iː r	343
1171	Italian	new	59	nwɔvo	n w ɔ v o	343
1172	Hindi	new	59	nəjaː	n ə j aː	343
1173	Portuguese	new	59	novu	n o v u	343
1174	Dutch	night	60	nɑxt	n ɑ x t	346
1175	Swedish	night	60	natː	n a tː	346
1176	English	night	60	naɪt	n aɪ t	346
1177	German	night	60	naxt	n a x t	346
1178	Spanish	night	60	noʧe	n o ʧ e	346
1179	Danish	night	60	nad	n a d	346
1180	Bulgarian	night	60	nɔʃt	n ɔ ʃ t	346
1181	Greek	night	60	nixta	n i x t a	346
1182	Armenian	night	60	giʃɛɾ	g i ʃ ɛ ɾ	344
1183	Romanian	night	60	nwapte	n w a p t e	346
1184	Russian	night	60	noʧ	n o ʧ	346
1185	Polish	night	60	nɔʦ	n ɔ ʦ	346
1186	Norwegian	night	60	nɑt	n ɑ t	346
1187	French	night	60	nɥi	n ɥ i	346
1188	Czech	night	60	noʦ	n o ʦ	346
1189	Icelandic	night	60	nouʰt	n ouʰ t	346
1190	Italian	night	60	nɔtte	n ɔ tː e	346
1191	Hindi	night	60	raːt	r aː t	345
1192	Portuguese	night	60	nojtə	n o j t ə	346
1193	Dutch	nose	61	nœːs	n œː s	350
1194	Swedish	nose	61	nɛːsa	n ɛː s a	350
1195	English	nose	61	nəʊz	n əʊ z	350
1196	German	nose	61	naːzə	n aː z ə	350
1197	Spanish	nose	61	naɾiθ	n a ɾ i θ	350
1198	Danish	nose	61	nɛːsə	n ɛː s ə	350
1199	Bulgarian	nose	61	nɔs	n ɔ s	350
1200	Greek	nose	61	miti	m i t i	348
1201	Armenian	nose	61	kʰitʰ	kʰ i tʰ	-349
1202	Romanian	nose	61	nas	n a s	350
1203	Russian	nose	61	nos	n o s	350
1204	Polish	nose	61	nɔs	n ɔ s	350
1205	Norwegian	nose	61	neːsə	n eː s ə	350
1206	French	nose	61	ne	n e	350
1207	Czech	nose	61	nos	n o s	350
1208	Icelandic	nose	61	nɛːv	n ɛː v	347
1209	Italian	nose	61	naso	n a s o	350
1210	Hindi	nose	61	naːk	n aː k	350
1211	Portuguese	nose	61	nɐriʃ	n ɐ r i ʃ	350
1212	Dutch	not	62	niːt	n iː t	352
1213	Swedish	not	62	ikːe	i kː e	353
1214	English	not	62	nɔt	n ɔ t	352
1215	German	not	62	nɪxt	n ɪ x t	352
1216	Spanish	not	62	no	n o	352
1217	Danish	not	62	egə	e g ə	353
1218	Bulgarian	not	62	nɛ	n ɛ	352
1219	Armenian	not	62	voʧʰ	v o ʧʰ	351
1220	Romanian	not	62	nu	n u	352
1221	Russian	not	62	nʲɛ	nʲ ɛ	352
1222	Polish	not	62	nʲɛ	nʲ ɛ	352
1223	Norwegian	not	62	ikə	i k ə	353
1224	French	not	62	nə	n ə	352
1225	Czech	not	62	nɛ	n ɛ	352
1226	Icelandic	not	62	ɛʰcɪ	ɛʰ c ɪ	353
1227	Italian	not	62	non	n o n	352
1228	Hindi	not	62	naɦĩ	n a ɦ ĩ	352
1229	Portuguese	not	62	nɐ̃w	n ɐ̃ w	352
1230	Dutch	one	63	eːn	eː n	354
1231	Swedish	one	63	en	e n	354
1232	English	one	63	ʋʌn	ʋ ʌ n	354
1233	German	one	63	ain	ai n	354
1234	Spanish	one	63	uno	u n o	354
1235	Danish	one	63	eˀn	eˀ n	354
1236	Bulgarian	one	63	ɛdnɔ	ɛ d n ɔ	354
1237	Greek	one	63	ena	e n a	355
1238	Armenian	one	63	mɛk	m ɛ k	355
1239	Romanian	one	63	unu	u n u	354
1240	Russian	one	63	ɐdʲin	ɐ dʲ i n	354
1241	Polish	one	63	jɛdɛn	j ɛ d ɛ n	354
1242	Norwegian	one	63	eːn	eː n	354
1243	French	one	63	œ̃	œ̃	354
1244	Czech	one	63	jɛdɛn	j ɛ d ɛ n	354
1245	Icelandic	one	63	eit͡n	ei t͡n	354
1246	Italian	one	63	uno	u n o	354
1247	Hindi	one	63	eːk	eː k	354
1248	Portuguese	one	63	ũ	ũ	354
1249	Dutch	person	64	mɛns	m ɛ n s	361
1250	Swedish	person	64	mɛniʃa	m ɛ n i ʃ a	361
1251	English	person	64	mæn	m æ n	361
1252	German	person	64	mɛnʃ	m ɛ n ʃ	361
1253	Spanish	person	64	ombɾe	o m b ɾ e	357
1254	Danish	person	64	mɛnəsgə	m ɛ n ə s g ə	361
1255	Bulgarian	person	64	ʧovɛk	ʧ o v ɛ k	360
1256	Greek	person	64	anθropos	a n θ r o p o s	358
1257	Armenian	person	64	mɑɾtʰ	m ɑ ɾ tʰ	-359
1258	Romanian	person	64	om	o m	357
1259	Russian	person	64	ʧʲɪlɐvʲɛk	ʧʲ ɪ l ɐ vʲ ɛ k	360
1260	Polish	person	64	ʧwɔvʲɛk	ʧ w ɔ vʲ ɛ k	360
1261	Norwegian	person	64	menəskə	m e n ə s k ə	361
1262	French	person	64	ɔm	ɔ m	357
1263	Czech	person	64	ʧlovʲɛk	ʧ l o vʲ ɛ k	360
1264	Icelandic	person	64	maːðʏr	m aː ð ʏ r	361
1265	Italian	person	64	wɔmo	w ɔ m o	357
1266	Hindi	person	64	aːdmiː	aː d m iː	-356
1267	Portuguese	person	64	ɔmɐ̃	ɔ m ɐ̃	357
1268	Dutch	rain (V)	65	reːɣə	r eː ɣ ə	362
1269	Swedish	rain (V)	65	reŋːn	r e ŋː n	362
1270	English	rain (V)	65	reɪn	r eɪ n	362
1271	German	rain (V)	65	reːɡən	r eː ɡ ə n	362
1272	Spanish	rain (V)	65	ʎuβja	ʎ u β j a	363
1273	Danish	rain (V)	65	ʁɑjˀn	ʁ ɑ jˀ n	362
1274	Bulgarian	rain (V)	65	dɤʃt	d ɤ ʃ t	365
1275	Greek	rain (V)	65	vroçi	v r o ç i	366
1276	Armenian	rain (V)	65	ɑnʣɾɛv	ɑ n ʣ ɾ ɛ v	364
1277	Romanian	rain (V)	65	plwaje	p l w a j e	363
1278	Russian	rain (V)	65	doʃtʲ	d o ʃ tʲ	365
1279	Polish	rain (V)	65	dɛʃʧ	d ɛ ʃ ʧ	365
1280	Norwegian	rain (V)	65	ɾæjnə	ɾ æ j n ə	362
1281	French	rain (V)	65	plɥi	p l ɥ i	363
1282	Czech	rain (V)	65	dɛːʃtʲ	d ɛː ʃ tʲ	365
1283	Icelandic	rain (V)	65	rɛkn	r ɛ k n	362
1284	Italian	rain (V)	65	pjɔʤːa	p j ɔ ʤː a	363
1285	Portuguese	rain (V)	65	ʃuvɐ	ʃ u v ɐ	363
1286	Dutch	red	66	roːt	r oː t	368
1287	Swedish	red	66	røːd	r øː d	368
1288	English	red	66	rɛd	r ɛ d	368
1289	German	red	66	roːt	r oː t	368
1290	Spanish	red	66	roxo	r o x o	368
1291	Danish	red	66	ʁœðˀ	ʁ œ ðˀ	368
1292	Bulgarian	red	66	ʧɛrvɛn	ʧ ɛ r v ɛ n	367
1293	Greek	red	66	kocinos	k o c i n o s	-369
1294	Armenian	red	66	kɑɾmiɾ	k ɑ ɾ m i ɾ	-372
1295	Romanian	red	66	roʃu	r o ʃ u	-368
1296	Russian	red	66	krasnɨj	k r a s n ɨ j	370
1297	Polish	red	66	ʧɛrvɔnɨ	ʧ ɛ r v ɔ n ɨ	367
1298	French	red	66	ʁuj	ʁ u j	368
1299	Czech	red	66	ʧɛrvɛniː	ʧ ɛ r v ɛ n iː	367
1300	Icelandic	red	66	røyːðʏr	r øyː ð ʏ r	368
1301	Italian	red	66	rosso	r o sː o	368
1302	Hindi	red	66	laːl	l aː l	368
1303	Portuguese	red	66	vərmeʎu	v ə r m e ʎ u	371
1304	Dutch	road	67	ʋɛx	ʋ ɛ x	376
1305	Swedish	road	67	vɛːg	v ɛː g	376
1306	English	road	67	rəʊd	r əʊ d	381
1307	German	road	67	veːk	v eː k	376
1308	Spanish	road	67	bia	b ia	380
1309	Danish	road	67	vɑjˀ	v ɑ jˀ	376
1310	Bulgarian	road	67	pɤt	p ɤ t	375
1311	Greek	road	67	ðromos	ð r o m o s	374
1312	Armenian	road	67	ʧɑmpʰɑ	ʧ ɑ m pʰ ɑ	-382
1313	Romanian	road	67	kale	k a l e	378
1314	Russian	road	67	dɐroɡə	d ɐ r o ɡ ə	373
1315	Polish	road	67	drɔɡa	d r ɔ ɡ a	373
1316	French	road	67	ʃɛmɛ̃	ʃ ɛ m ɛ̃	-377
1317	Czech	road	67	ʦɛsta	ʦ ɛ s t a	383
1318	Icelandic	road	67	vekʏr	v e k ʏ r	376
1319	Italian	road	67	strada	s t r a d a	379
1320	Hindi	road	67	səɽək	s ə ɽ ə k	384
1321	Portuguese	road	67	əʃtradɐ	ə ʃ t r a d ɐ	379
1322	English	road	67	ʋeɪ	ʋ eɪ	376
1323	Italian	road	67	via	v ia	380
1324	Portuguese	road	67	viɐ	v iɐ	380
1325	Dutch	root	68	ʋɔrtəl	ʋ ɔ r t ə l	386
1326	Swedish	root	68	roːt	r oː t	386
1327	English	root	68	ruːt	r uː t	386
1328	German	root	68	vʊrt͡səl	v ʊ r t͡s ə l	386
1329	Spanish	root	68	ra.iθ	r a i θ	386
1330	Danish	root	68	ʁoˀð	ʁ oˀ ð	386
1331	Bulgarian	root	68	kɔrɛn	k ɔ r ɛ n	385
1332	Greek	root	68	oðos	o ð o s	388
1333	Armenian	root	68	ɑɾmɑt	ɑ ɾ m ɑ t	387
1334	Romanian	root	68	rədəʧinə	r ə d ə ʧ i n ə	386
1335	Russian	root	68	korʲɪnʲ	k o rʲ ɪ nʲ	385
1336	Polish	root	68	kɔʒɛɲ	k ɔ ʒ ɛ ɲ	385
1337	French	root	68	ʁasin	ʁ a s i n	386
1338	Czech	root	68	korɛn	k o r ɛ n	385
1339	Icelandic	root	68	rouːt	r ouː t	386
1340	Italian	root	68	radiʧe	r a d i ʧ e	386
1341	Hindi	root	68	ʤəɽ	ʤ ə ɽ	389
1342	Portuguese	root	68	ʀɐ.iʃ	ʀ ɐ i ʃ	386
1343	Greek	root	68	riza	r i z a	386
1344	Dutch	round	69	rɔnt	r ɔ n t	-392
1345	Swedish	round	69	runːd	r u nː d	-392
1346	English	round	69	raʊnd	r aʊ n d	-392
1347	German	round	69	rʊnt	r ʊ n t	-392
1348	Spanish	round	69	reðondo	r e ð o n d o	390
1349	Danish	round	69	ʁɔnˀ	ʁ ɔ nˀ	-392
1350	Bulgarian	round	69	krɤgəl	k r ɤ g ə l	391
1351	Greek	round	69	stroɲɟilos	s t r o ɲ ɟ i l o s	393
1352	Armenian	round	69	kəloɾ	k ə l o ɾ	394
1353	Romanian	round	69	rotund	r o t u n d	390
1354	Russian	round	69	kruɡlɨj	k r u ɡ l ɨ j	391
1355	Polish	round	69	ɔkrɔ̃ɡwɨ	ɔ k r ɔ̃ ɡ w ɨ	391
1356	French	round	69	ʁɔ̃	ʁ ɔ̃	390
1357	Czech	round	69	okrowɦliː	o k r o w ɦ l iː	391
1358	Icelandic	round	69	kʰriŋlouʰtʏr	kʰ r i ŋ l ouʰ t ʏ r	395
1359	Italian	round	69	rotondo	r o t o n d o	390
1360	Hindi	round	69	gol	g o l	396
1361	Portuguese	round	69	ʀədõdu	ʀ ə d õ d u	390
1362	Dutch	sand	70	zɑnt	z ɑ n t	398
1363	Swedish	sand	70	sanːd	s a nː d	398
1364	English	sand	70	sænd	s æ n d	398
1365	German	sand	70	zant	z a n t	398
1366	Spanish	sand	70	aɾena	a ɾ e n a	402
1367	Danish	sand	70	sanˀ	s a nˀ	398
1368	Bulgarian	sand	70	pʲasək	pʲ a s ə k	400
1369	Greek	sand	70	amos	a m o s	398
1370	Armenian	sand	70	ɑvɑz	ɑ v ɑ z	397
1371	Romanian	sand	70	nisip	n i s i p	-401
1372	Russian	sand	70	pʲɪsok	pʲ ɪ s o k	400
1373	Polish	sand	70	pʲasɛk	pʲ a s ɛ k	400
1374	French	sand	70	sabl	s a b l	397
1375	Czech	sand	70	piːsɛk	p iː s ɛ k	400
1376	Icelandic	sand	70	santʏr	s a n t ʏ r	398
1377	Italian	sand	70	sabbja	s a bː j a	397
1378	Hindi	sand	70	ret	r e t	403
1379	Portuguese	sand	70	ɐrɐjɐ	ɐ r ɐ j ɐ	402
1380	Hindi	sand	70	baːluː	b aː l uː	399
1381	Dutch	say (V)	71	zɛɣə	z ɛ ɣ ə	405
1382	Swedish	say (V)	71	sɛja	s ɛ j a	405
1383	English	say (V)	71	seɪ	s eɪ	405
1384	German	say (V)	71	zaːɡən	z aː ɡ ə n	405
1385	Spanish	say (V)	71	deθiɾ	d e θ i ɾ	408
1386	Danish	say (V)	71	siː	s iː	405
1387	Bulgarian	say (V)	71	kaʒə	k a ʒ ə	409
1388	Greek	say (V)	71	leɣo	l e ɣ o	410
1389	Armenian	say (V)	71	ɑsɛl	ɑ s ɛ l	406
1390	Romanian	say (V)	71	ziʧe	z i ʧ e	408
1391	Russian	say (V)	71	skɐzatʲ	s k ɐ z a tʲ	409
1392	Polish	say (V)	71	pɔvʲɛʥɛʨ	p ɔ vʲ ɛ ʥ ɛ ʨ	407
1393	Norwegian	say (V)	71	siː	s iː	405
1394	French	say (V)	71	diʁ	d i ʁ	408
1395	Czech	say (V)	71	riːkat	r iː k a t	412
1396	Icelandic	say (V)	71	seiːja	s eiː j a	405
1397	Italian	say (V)	71	dire	d i r e	408
1398	Hindi	say (V)	71	kəɦnaː	k ə ɦ n aː	411
1399	Portuguese	say (V)	71	dizer	d i z e r	408
1400	Hindi	say (V)	71	boːlnaː	b oː l n aː	404
1401	Dutch	see (V)	72	ziːn	z iː n	414
1402	Swedish	see (V)	72	seː	s eː	414
1403	English	see (V)	72	siː	s iː	414
1404	German	see (V)	72	zeːən	z eːə n	414
1405	Spanish	see (V)	72	beɾ	b e ɾ	413
1406	Danish	see (V)	72	seˀ	s eˀ	414
1407	Bulgarian	see (V)	72	viʒdəm	v i ʒ d ə m	413
1408	Greek	see (V)	72	vlepo	v l e p o	415
1409	Armenian	see (V)	72	tɛsnɛl	t ɛ s n ɛ l	416
1410	Romanian	see (V)	72	vedea	v e d ea	413
1411	Russian	see (V)	72	vʲidʲɪtʲ	vʲ i dʲ ɪ tʲ	413
1412	Polish	see (V)	72	viʥɛʨ	v i ʥ ɛ ʨ	413
1413	Norwegian	see (V)	72	seː	s eː	414
1414	French	see (V)	72	vwaʁ	v w a ʁ	413
1415	Czech	see (V)	72	vɪdʲɛt	v ɪ dʲ ɛ t	413
1416	Icelandic	see (V)	72	sjauː	s j auː	414
1417	Italian	see (V)	72	vedere	v e d e r e	413
1418	Hindi	see (V)	72	deːkʰnaː	d eː kʰ n aː	417
1419	Portuguese	see (V)	72	ver	v e r	413
1420	Dutch	seed	73	zaːt	z aː t	421
1421	Swedish	seed	73	frøː	f r øː	420
1422	English	seed	73	siːd	s iː d	421
1423	German	seed	73	zaːmən	z aː m ə n	421
1424	Spanish	seed	73	semiʎa	s e m i ʎ a	421
1425	Danish	seed	73	fʁœˀ	f ʁ œˀ	420
1426	Bulgarian	seed	73	sɛmɛ	s ɛ m ɛ	421
1427	Greek	seed	73	sporos	s p o r o s	423
1428	Armenian	seed	73	seɾm	s e ɾ m	-419
1429	Romanian	seed	73	səmɨnʦə	s ə m ɨ n ʦ ə	421
1430	Russian	seed	73	sʲemʲə	sʲ e mʲ ə	421
1431	Polish	seed	73	ɕɛmʲɛ̃	ɕ ɛ mʲ ɛ̃	421
1432	Norwegian	seed	73	fɾøː	f ɾ øː	420
1433	French	seed	73	semɑ̃s	s e m ɑ̃ s	421
1434	Czech	seed	73	sɛmɛno	s ɛ m ɛ n o	421
1435	Icelandic	seed	73	fraiː	f r aiː	420
1436	Italian	seed	73	seme	s e m e	421
1437	Hindi	seed	73	biːʤ	b iː ʤ	418
1438	Portuguese	seed	73	səmẽtə	s ə m ẽ t ə	421
1439	French	seed	73	ɡʁɛn	ɡ ʁ ɛ n	422
1440	Dutch	sit (V)	74	zɪtə	z ɪ t ə	424
1441	Swedish	sit (V)	74	sitːa	s i tː a	424
1442	English	sit (V)	74	sɪt	s ɪ t	424
1443	German	sit (V)	74	zɪt͡sən	z ɪ t͡s ə n	424
1444	Spanish	sit (V)	74	sentaðo	s e n t a ð o	424
1445	Danish	sit (V)	74	seðə	s e ð ə	424
1446	Bulgarian	sit (V)	74	sɛdʲɤ	s ɛ dʲ ɤ	424
1447	Greek	sit (V)	74	kaθome	k a θ o m e	426
1448	Armenian	sit (V)	74	nəstɛl	n ə s t ɛ l	424
1449	Romanian	sit (V)	74	ʃedea	ʃ e d ea	424
1450	Russian	sit (V)	74	sʲɪdʲetʲ	sʲ ɪ dʲ e tʲ	424
1451	Polish	sit (V)	74	ɕɛʥɛʨ	ɕ ɛ ʥ ɛ ʨ	424
1452	Norwegian	sit (V)	74	sitə	s i t ə	424
1453	French	sit (V)	74	ɛtʁasi	ɛ t ʁ a s i	424
1454	Czech	sit (V)	74	sɛdʲɛt	s ɛ dʲ ɛ t	424
1455	Icelandic	sit (V)	74	sɪːtja	s ɪː t j a	424
1456	Italian	sit (V)	74	sedere	s e d e r e	424
1457	Hindi	sit (V)	74	bɛːʈʰnaː	b ɛː ʈʰ n aː	425
1458	Portuguese	sit (V)	74	sẽtar	s ẽ t a r	424
1459	Dutch	skin	75	vɛl	v ɛ l	427
1460	Swedish	skin	75	ɧinː	ɧ i nː	433
1461	English	skin	75	skɪn	s k ɪ n	-433
1462	German	skin	75	haut	h au t	432
1463	Spanish	skin	75	pjel	p j e l	427
1464	Danish	skin	75	huðˀ	h u ðˀ	432
1465	Bulgarian	skin	75	kɔʒə	k ɔ ʒ ə	429
1466	Greek	skin	75	ðerma	ð e r m a	428
1467	Armenian	skin	75	mɑʃk	m ɑ ʃ k	-431
1468	Romanian	skin	75	pjele	p j e l e	427
1469	Russian	skin	75	koʒə	k o ʒ ə	429
1470	Polish	skin	75	skura	s k u r a	430
1471	Norwegian	skin	75	hʉːd	h ʉː d	432
1472	French	skin	75	po	p o	427
1473	Czech	skin	75	kuːʒɛ	k uː ʒ ɛ	429
1474	Icelandic	skin	75	huːð	h uː ð	432
1475	Italian	skin	75	pɛlle	p ɛ lː e	427
1476	Hindi	skin	75	ʧəməɽiː	ʧ ə m ə ɽ iː	430
1477	Portuguese	skin	75	pɛlə	p ɛ l ə	427
1478	Dutch	skin	75	hœyt	h œy t	432
1479	Swedish	skin	75	huːd	h uː d	432
1480	Icelandic	skin	75	scɪnː	s c ɪ nː	433
1481	Portuguese	skin	75	koru	k o r u	430
1482	Dutch	sleep (V)	76	slaːpə	s l aː p ə	436
1483	Swedish	sleep (V)	76	soːva	s oː v a	435
1484	English	sleep (V)	76	sliːp	s l iː p	436
1485	German	sleep (V)	76	ʃlaːfən	ʃ l aː f ə n	436
1486	Spanish	sleep (V)	76	doɾmiɾ	d o ɾ m i ɾ	437
1487	Danish	sleep (V)	76	sɒwə	s ɒ w ə	435
1488	Bulgarian	sleep (V)	76	spa	s p a	435
1489	Greek	sleep (V)	76	cimume	c i m u m e	434
1490	Armenian	sleep (V)	76	kʰənɛl	kʰ ə n ɛ l	435
1491	Romanian	sleep (V)	76	dormi	d o r m i	437
1492	Russian	sleep (V)	76	spatʲ	s p a tʲ	435
1493	Polish	sleep (V)	76	spaʨ	s p a ʨ	435
1494	Norwegian	sleep (V)	76	soːʋə	s oː ʋ ə	435
1495	French	sleep (V)	76	dɔʁmiʁ	d ɔ ʁ m i ʁ	437
1496	Czech	sleep (V)	76	spaːt	s p aː t	435
1497	Icelandic	sleep (V)	76	sɔːva	s ɔː v a	435
1498	Italian	sleep (V)	76	dormire	d o r m i r e	437
1499	Hindi	sleep (V)	76	sɔːnaː	s ɔː n aː	435
1500	Portuguese	sleep (V)	76	durmir	d u r m i r	437
1501	Dutch	small	77	klɛɪn	k l ɛɪ n	445
1502	Swedish	small	77	liːten	l iː t e n	439
1503	English	small	77	smɔːl	s m ɔː l	441
1504	German	small	77	klain	k l ai n	445
1505	Spanish	small	77	pekeɲo	p e k e ɲ o	440
1506	Danish	small	77	lilə	l i l ə	439
1507	Bulgarian	small	77	malək	m a l ə k	441
1508	Greek	small	77	mikros	m i k r o s	438
1509	Armenian	small	77	pʰokʰəɾ	pʰ o kʰ ə ɾ	440
1510	Romanian	small	77	mik	m i k	-444
1511	Russian	small	77	malʲɪnʲkʲɪj	m a lʲ ɪ nʲ kʲ ɪ j	441
1512	Polish	small	77	mawɨ	m a w ɨ	441
1513	Norwegian	small	77	liːtən	l iː t ə n	439
1514	French	small	77	pəti	p ə t i	442
1515	Czech	small	77	maliː	m a l iː	441
1516	Icelandic	small	77	liːtɪt͡l	l iː t ɪ t͡l	439
1517	Italian	small	77	pikkolo	p i kː o l o	440
1518	Hindi	small	77	ʧɔːʈaː	ʧ ɔː ʈ aː	443
1519	Portuguese	small	77	pəkenu	p ə k e n u	440
1520	Swedish	small	77	smoː	s m oː	441
1521	English	small	77	lɪtḷ	l ɪ t ḷ	439
1522	Danish	small	77	liːðən	l iː ð ə n	439
1523	Icelandic	small	77	smauːr	s m auː r	441
1524	Dutch	smoke	78	roːk	r oː k	449
1525	Swedish	smoke	78	røk	r ø k	449
1526	English	smoke	78	sməʊk	s m əʊ k	448
1527	German	smoke	78	raux	r au x	449
1528	Spanish	smoke	78	umo	u m o	446
1529	Danish	smoke	78	ʁʌjˀ	ʁ ʌ jˀ	449
1530	Bulgarian	smoke	78	dim	d i m	446
1531	Greek	smoke	78	kapnos	k a p n o s	447
1532	Romanian	smoke	78	fum	f u m	446
1533	Russian	smoke	78	dɨm	d ɨ m	446
1534	Polish	smoke	78	dɨm	d ɨ m	446
1535	Norwegian	smoke	78	ɾœjk	ɾ œ j k	449
1536	French	smoke	78	fyme	f y m e	446
1537	Czech	smoke	78	diːm	d iː m	446
1538	Icelandic	smoke	78	reiːkʏr	r eiː k ʏ r	449
1539	Italian	smoke	78	fumo	f u m o	446
1540	Hindi	smoke	78	dʱʊãː	dʱ ʊãː	446
1541	Portuguese	smoke	78	fumu	f u m u	446
1542	Dutch	stand (V)	79	staːn	s t aː n	451
1543	Swedish	stand (V)	79	stoː	s t oː	451
1544	English	stand (V)	79	stænd	s t æ n d	451
1545	German	stand (V)	79	ʃteːən	ʃ t eːə n	451
1546	Danish	stand (V)	79	sdɔˀ	s d ɔˀ	451
1547	Bulgarian	stand (V)	79	stɔjə	s t ɔ j ə	451
1548	Greek	stand (V)	79	stekome	s t e k o m e	451
1549	Armenian	stand (V)	79	kɑngnɛl	k ɑ n g n ɛ l	450
1550	Romanian	stand (V)	79	sta	s t a	451
1551	Russian	stand (V)	79	stɐjatʲ	s t ɐ j a tʲ	451
1552	Polish	stand (V)	79	staʨ	s t a ʨ	451
1553	Norwegian	stand (V)	79	stoː	s t oː	451
1554	Czech	stand (V)	79	staːt	s t aː t	451
1555	Icelandic	stand (V)	79	stanta	s t a n t a	451
1556	Italian	stand (V)	79	stare	s t a r e	451
1557	Hindi	stand (V)	79	kʰaɽaː	kʰ a ɽ aː	452
1558	Dutch	star	80	stɛr	s t ɛ r	454
1559	Swedish	star	80	ɧɛːrna	ɧ ɛː r n a	454
1560	English	star	80	stɑːr	s t ɑː r	454
1561	German	star	80	ʃtɛrn	ʃ t ɛ r n	454
1562	Spanish	star	80	estɾeʎa	e s t ɾ e ʎ a	454
1563	Danish	star	80	sdjæʁnə	s d j æ ʁ n ə	454
1564	Bulgarian	star	80	zvɛzda	z v ɛ z d a	453
1565	Greek	star	80	asteri	a s t e r i	454
1566	Armenian	star	80	ɑstəʁ	ɑ s t ə ʁ	454
1567	Romanian	star	80	stea	s t ea	454
1568	Russian	star	80	zvʲɪzda	z vʲ ɪ z d a	453
1569	Polish	star	80	ɡvʲazda	ɡ vʲ a z d a	453
1570	Norwegian	star	80	stjæːɳə	s t j æː ɳ ə	454
1571	French	star	80	etwal	e t w a l	454
1572	Czech	star	80	ɦvʲɛzda	ɦ vʲ ɛ z d a	453
1573	Icelandic	star	80	stjart͡na	s t j a r t͡n a	454
1574	Italian	star	80	stella	s t e lː a	454
1575	Hindi	star	80	taːraː	t aː r aː	454
1576	Portuguese	star	80	əʃtrelɐ	ə ʃ t r e l ɐ	454
1577	Dutch	stone	81	steːn	s t eː n	458
1578	Swedish	stone	81	steːn	s t eː n	458
1579	English	stone	81	stəʊn	s t əʊ n	458
1580	German	stone	81	ʃtain	ʃ t ai n	458
1581	Spanish	stone	81	pjeðɾa	p j e ð ɾ a	455
1582	Danish	stone	81	sdeˀn	s d eˀ n	458
1583	Bulgarian	stone	81	kamək	k a m ə k	459
1584	Greek	stone	81	petra	p e t r a	460
1585	Armenian	stone	81	kʰɑɾ	kʰ ɑ ɾ	461
1586	Romanian	stone	81	pjatrə	p j a t r ə	455
1587	Russian	stone	81	kamʲɪnʲ	k a mʲ ɪ nʲ	459
1588	Polish	stone	81	kamʲɛɲ	k a mʲ ɛ ɲ	459
1589	Norwegian	stone	81	stæjn	s t æ j n	458
1590	French	stone	81	pjɛʁ	p j ɛ ʁ	455
1591	Czech	stone	81	kaːmɛn	k aː m ɛ n	459
1592	Icelandic	stone	81	steit͡n	s t ei t͡n	458
1593	Italian	stone	81	sasso	s a sː o	456
1594	Hindi	stone	81	pətʰːər	p ə tʰː ə r	457
1595	Portuguese	stone	81	pɛdrɐ	p ɛ d r ɐ	455
1596	Dutch	sun	82	zɔn	z ɔ n	463
1597	Swedish	sun	82	soːl	s oː l	463
1598	English	sun	82	sʌn	s ʌ n	463
1599	German	sun	82	zɔnə	z ɔ n ə	463
1600	Spanish	sun	82	sol	s o l	463
1601	Danish	sun	82	soˀl	s oˀ l	463
1602	Bulgarian	sun	82	slɤnʦɛ	s l ɤ n ʦ ɛ	463
1603	Greek	sun	82	iʎos	i ʎ o s	463
1604	Armenian	sun	82	ɑɾɛv	ɑ ɾ ɛ v	462
1605	Romanian	sun	82	sware	s w a r e	463
1606	Russian	sun	82	sonʦə	s o n ʦ ə	463
1607	Polish	sun	82	swɔnʲʦɛ	s w ɔ nʲ ʦ ɛ	463
1608	Norwegian	sun	82	suːl	s uː l	463
1609	French	sun	82	sɔlɛj	s ɔ l ɛ j	463
1610	Czech	sun	82	slʊnʦɛ	s l ʊ n ʦ ɛ	463
1611	Icelandic	sun	82	souːl	s ouː l	463
1612	Italian	sun	82	sole	s o l e	463
1613	Hindi	sun	82	suːrəʤ	s uː r ə ʤ	463
1614	Portuguese	sun	82	sɔl	s ɔ l	463
1615	Dutch	swim (V)	83	zʋɛmə	z ʋ ɛ m ə	465
1616	Swedish	swim (V)	83	simːa	s i mː a	465
1617	English	swim (V)	83	sʋɪm	s ʋ ɪ m	465
1618	German	swim (V)	83	ʃvɪmən	ʃ v ɪ m ə n	465
1619	Spanish	swim (V)	83	naðaɾ	n a ð a ɾ	466
1620	Danish	swim (V)	83	svœmə	s v œ m ə	465
1621	Bulgarian	swim (V)	83	pluvəm	p l u v ə m	467
1622	Greek	swim (V)	83	kolimbo	k o l i m b o	469
1623	Armenian	swim (V)	83	loʁɑl	l o ʁ ɑ l	467
1624	Romanian	swim (V)	83	ɨnota	ɨ n o t a	466
1625	Russian	swim (V)	83	plɨtʲ	p l ɨ tʲ	467
1626	Polish	swim (V)	83	pwɨvaʨ	p w ɨ v a ʨ	467
1627	Norwegian	swim (V)	83	sʋœmə	s ʋ œ m ə	465
1628	French	swim (V)	83	naʒe	n a ʒ e	464
1629	Czech	swim (V)	83	plavat	p l a v a t	467
1630	Icelandic	swim (V)	83	synta	s y n t a	468
1631	Italian	swim (V)	83	nwotare	n w o t a r e	466
1632	Hindi	swim (V)	83	tɛːrnaː	t ɛː r n aː	470
1633	Portuguese	swim (V)	83	nɐdar	n ɐ d a r	466
1634	Dutch	tail	84	staːrt	s t aː r t	473
1635	Swedish	tail	84	ɧɛrt	ɧ ɛ r t	473
1636	English	tail	84	teɪl	t eɪ l	484
1637	German	tail	84	ʃvant͡s	ʃ v a n t͡s	478
1638	Spanish	tail	84	kola	k o l a	471
1639	Danish	tail	84	hæːlə	h æː l ə	482
1640	Bulgarian	tail	84	opaʃkə	o p a ʃ k ə	476
1641	Greek	tail	84	ura	u r a	475
1642	Armenian	tail	84	poʧʰ	p o ʧʰ	474
1643	Romanian	tail	84	kwadə	k w a d ə	471
1644	Russian	tail	84	xvost	x v o s t	479
1645	Polish	tail	84	ɔɡɔn	ɔ ɡ ɔ n	483
1646	Norwegian	tail	84	hɑːlə	h ɑː l ə	482
1647	French	tail	84	kø	k ø	471
1648	Czech	tail	84	oʦas	o ʦ a s	481
1649	Icelandic	tail	84	haːlɪ	h aː l ɪ	482
1650	Italian	tail	84	koda	k o d a	471
1651	Hindi	tail	84	puːʧʰ	p uː ʧʰ	472
1652	Portuguese	tail	84	kawdɐ	k a w d ɐ	471
1653	Spanish	tail	84	ravo	r a v o	480
1654	Icelandic	tail	84	skɔʰt	s k ɔʰ t	477
1655	Portuguese	tail	84	ʀabu	ʀ a b u	480
1656	Dutch	that	85	diː	d iː	487
1657	Swedish	that	85	də	d ə	487
1658	English	that	85	ðæt	ð æ t	487
1659	German	that	85	jeːnər	j eː n ə r	489
1660	Spanish	that	85	akel	a k e l	486
1661	Danish	that	85	de	d e	487
1662	Bulgarian	that	85	ɔnzi	ɔ n z i	485
1663	Greek	that	85	ecino	e c i n o	486
1664	Armenian	that	85	ɑɪ̯n	ɑɪ̯ n	485
1665	Romanian	that	85	aʧel	a ʧ e l	486
1666	Russian	that	85	to	t o	487
1667	Polish	that	85	tamtɔ	t a m t ɔ	487
1668	Norwegian	that	85	deː	d eː	487
1669	French	that	85	səla	s ə l a	486
1670	Czech	that	85	tamto	t a m t o	487
1671	Icelandic	that	85	θɛsːɪ	θ ɛ sː ɪ	487
1672	Italian	that	85	kwello	k w e lː o	486
1673	Hindi	that	85	və	v ə	490
1674	Portuguese	that	85	ɐkelə	ɐ k e l ə	486
1675	Danish	that	85	hiˀn	h iˀ n	486
1676	Icelandic	that	85	sauː	s auː	488
1677	Dutch	this	86	deːzə	d eː z ə	492
1678	Swedish	this	86	dɛta	d ɛ t a	492
1679	English	this	86	ðɪs	ð ɪ s	492
1680	German	this	86	diːzər	d iː z ə r	492
1681	Spanish	this	86	este	e s t e	492
1682	Danish	this	86	dɛnə	d ɛ n ə	492
1683	Bulgarian	this	86	tɔzi	t ɔ z i	492
1684	Greek	this	86	afto	a f t o	492
1685	Armenian	this	86	ɑɪs	ɑɪ s	492
1686	Romanian	this	86	aʧest	a ʧ e s t	493
1687	Russian	this	86	ɛtə	ɛ t ə	492
1688	Polish	this	86	tɔ	t ɔ	492
1689	Norwegian	this	86	detə	d e t ə	492
1690	French	this	86	səsi	s ə s i	493
1691	Czech	this	86	toto	t o t o	492
1692	Icelandic	this	86	θɛsːɪ	θ ɛ sː ɪ	492
1693	Italian	this	86	kwesto	k w e s t o	493
1694	Hindi	this	86	jə	j ə	491
1695	Portuguese	this	86	əʃtə	ə ʃ t ə	492
1696	Danish	this	86	dɛnə	d ɛ n ə	492
1697	Dutch	thou	87	jɛɪ	j ɛɪ	494
1698	Swedish	thou	87	dʉ	d ʉ	495
1699	English	thou	87	juː	j uː	494
1700	German	thou	87	duː	d uː	495
1701	Spanish	thou	87	tu	t u	495
1702	Danish	thou	87	duˀ	d uˀ	495
1703	Bulgarian	thou	87	ti	t i	495
1704	Greek	thou	87	esi	e s i	495
1705	Armenian	thou	87	du	d u	495
1706	Romanian	thou	87	tu	t u	495
1707	Russian	thou	87	tɨ	t ɨ	495
1708	Polish	thou	87	tɨ	t ɨ	495
1709	Norwegian	thou	87	dʉː	d ʉː	495
1710	French	thou	87	ty	t y	495
1711	Czech	thou	87	tɪ	t ɪ	495
1712	Icelandic	thou	87	θuː	θ uː	495
1713	Italian	thou	87	tu	t u	495
1714	Hindi	thou	87	tuː	t uː	495
1715	Portuguese	thou	87	tu	t u	495
1716	Dutch	tongue	88	tɔŋ	t ɔ ŋ	496
1717	Swedish	tongue	88	tuŋːa	t u ŋː a	496
1718	English	tongue	88	tʌŋ	t ʌ ŋ	496
1719	German	tongue	88	t͡sʊŋə	t͡s ʊ ŋ ə	496
1720	Spanish	tongue	88	leŋɡwa	l e ŋ ɡ w a	496
1721	Danish	tongue	88	tɔŋə	t ɔ ŋ ə	496
1722	Bulgarian	tongue	88	ɛzik	ɛ z i k	496
1723	Greek	tongue	88	ɣlosa	ɣ l o s a	497
1724	Armenian	tongue	88	lɛzu	l ɛ z u	496
1725	Romanian	tongue	88	limbə	l i m b ə	496
1726	Russian	tongue	88	jɪzɨk	j ɪ z ɨ k	496
1727	Polish	tongue	88	jɛ̃zɨk	j ɛ̃ z ɨ k	496
1728	Norwegian	tongue	88	tuŋə	t u ŋ ə	496
1729	French	tongue	88	lɑ̃ɡ	l ɑ̃ ɡ	496
1730	Czech	tongue	88	jazɪk	j a z ɪ k	496
1731	Icelandic	tongue	88	tʰuŋka	tʰ u ŋ k a	496
1732	Italian	tongue	88	liŋɡwa	l i ŋ ɡ w a	496
1733	Hindi	tongue	88	ʤiːbʱ	ʤ iː bʱ	496
1734	Portuguese	tongue	88	lĩgwɐ	l ĩ g w ɐ	496
1735	Dutch	tooth	89	tɑnt	t ɑ n t	499
1736	Swedish	tooth	89	tanːd	t a nː d	499
1737	English	tooth	89	tuːθ	t uː θ	499
1738	German	tooth	89	t͡saːn	t͡s aː n	499
1739	Spanish	tooth	89	djente	d j e n t e	499
1740	Danish	tooth	89	tanˀ	t a nˀ	499
1741	Bulgarian	tooth	89	zɤp	z ɤ p	498
1742	Greek	tooth	89	ðondi	ð o n d i	499
1743	Armenian	tooth	89	ɑtɑm	ɑ t ɑ m	499
1744	Romanian	tooth	89	dinte	d i n t e	499
1745	Russian	tooth	89	zup	z u p	498
1746	Polish	tooth	89	zɔ̃p	z ɔ̃ p	498
1747	Norwegian	tooth	89	tɑn	t ɑ n	499
1748	French	tooth	89	dɑ̃	d ɑ̃	499
1749	Czech	tooth	89	zʊp	z ʊ p	498
1750	Icelandic	tooth	89	tʰœnː	tʰ œ nː	499
1751	Italian	tooth	89	dɛnte	d ɛ n t e	499
1752	Hindi	tooth	89	dãt	d ã t	499
1753	Portuguese	tooth	89	dẽtə	d ẽ t ə	499
1754	Dutch	tree	90	boːm	b oː m	502
1755	Swedish	tree	90	trɛːd	t r ɛː d	501
1756	English	tree	90	triː	t r iː	501
1757	German	tree	90	baum	b au m	502
1758	Spanish	tree	90	arvol	a r v o l	506
1759	Danish	tree	90	tʁɛˀ	t ʁ ɛˀ	501
1760	Bulgarian	tree	90	dərvɔ	d ə r v ɔ	501
1761	Greek	tree	90	ðenðro	ð e n ð r o	501
1762	Armenian	tree	90	ʦɑr	ʦ ɑ r	-503
1763	Romanian	tree	90	arbore	a r b o r e	506
1764	Russian	tree	90	dʲerʲɪvə	dʲ e rʲ ɪ v ə	501
1765	Polish	tree	90	dʒɛvɔ	d ʒ ɛ v ɔ	501
1766	Norwegian	tree	90	tɾeː	t ɾ eː	501
1767	French	tree	90	aʁbʁ	a ʁ b ʁ	506
1768	Czech	tree	90	strom	s t r o m	504
1769	Icelandic	tree	90	tʰrjɛː	tʰ r j ɛː	501
1770	Italian	tree	90	albero	a l b e r o	506
1771	Hindi	tree	90	peɽ	p e ɽ	500
1772	Portuguese	tree	90	arvurə	a r v u r ə	506
1773	Icelandic	tree	90	vɪːðʏr	v ɪː ð ʏ r	505
1774	Dutch	two	91	tʋeː	t ʋ eː	507
1775	Swedish	two	91	tvoː	t v oː	507
1776	English	two	91	tuː	t uː	507
1777	German	two	91	t͡svai	t͡s v ai	507
1778	Spanish	two	91	dos	d o s	507
1779	Danish	two	91	toˀ	t oˀ	507
1780	Bulgarian	two	91	dva	d v a	507
1781	Greek	two	91	ðʝo	ð ʝ o	507
1782	Armenian	two	91	jɛɾku	j ɛ ɾ k u	507
1783	Romanian	two	91	doj	d o j	507
1784	Russian	two	91	dva	d v a	507
1785	Polish	two	91	dva	d v a	507
1786	Norwegian	two	91	tuː	t uː	507
1787	French	two	91	dø	d ø	507
1788	Czech	two	91	dva	d v a	507
1789	Icelandic	two	91	tʰveir	tʰ v ei r	507
1790	Italian	two	91	due	d ue	507
1791	Hindi	two	91	doː	d oː	507
1792	Portuguese	two	91	doiʃ	d oi ʃ	507
1793	Dutch	walk (V)	92	xaːn	x aː n	509
1794	Swedish	walk (V)	92	goː	g oː	509
1795	English	walk (V)	92	ɡəʊ	ɡ əʊ	509
1796	German	walk (V)	92	ɡeːən	ɡ eːə n	509
1797	Spanish	walk (V)	92	andar	a n d a r	513
1798	Danish	walk (V)	92	gɔˀ	g ɔˀ	509
1799	Bulgarian	walk (V)	92	vɛrvʲə	v ɛ r vʲ ə	515
1800	Greek	walk (V)	92	piʝeno	p i ʝ e n o	516
1801	Romanian	walk (V)	92	umbla	u m b l a	508
1802	Russian	walk (V)	92	ɪtʲi	ɪ tʲ i	514
1803	Polish	walk (V)	92	iɕʨ	i ɕ ʨ	514
1804	Norwegian	walk (V)	92	goː	g oː	509
1805	French	walk (V)	92	vɛ	v ɛ	510
1806	Czech	walk (V)	92	jiːt	j iː t	514
1807	Icelandic	walk (V)	92	faːra	f aː r a	511
1808	Italian	walk (V)	92	vo	v o	510
1809	Hindi	walk (V)	92	ʧəlnaː	ʧ ə l n aː	514
1810	Portuguese	walk (V)	92	ɐ̃dar	ɐ̃ d a r	513
1811	Spanish	walk (V)	92	boi	b oi	510
1812	French	walk (V)	92	ale	a l e	512
1813	Italian	walk (V)	92	andare	a n d a r e	513
1814	Dutch	warm	93	ʋɑrm	ʋ ɑ r m	517
1815	Swedish	warm	93	varːm	v a rː m	517
1816	English	warm	93	ʋɔːrm	ʋ ɔː r m	517
1817	German	warm	93	varm	v a r m	517
1818	Spanish	warm	93	kaliðo	k a l i ð o	520
1819	Danish	warm	93	vɑˀm	v ɑˀ m	517
1820	Bulgarian	warm	93	tɔpəl	t ɔ p ə l	519
1821	Greek	warm	93	xliaros	x l ia r o s	521
1822	Armenian	warm	93	tɑkʰ	t ɑ kʰ	522
1823	Romanian	warm	93	kald	k a l d	520
1824	Russian	warm	93	tʲoplɨj	tʲ o p l ɨ j	519
1825	Polish	warm	93	ʨɛpwɨ	ʨ ɛ p w ɨ	519
1826	Norwegian	warm	93	ʋɑɾm	ʋ ɑ ɾ m	517
1827	French	warm	93	ʃo	ʃ o	520
1828	Czech	warm	93	tɛpliː	t ɛ p l iː	519
1829	Icelandic	warm	93	l̥iːr	l̥ iː r	520
1830	Italian	warm	93	tiepido	t ie p i d o	519
1831	Hindi	warm	93	gərm	g ə r m	-518
1832	Portuguese	warm	93	kẽtə	k ẽ t ə	520
1833	Dutch	water	94	ʋaːtər	ʋ aː t ə r	526
1834	Swedish	water	94	vatːen	v a tː e n	526
1835	English	water	94	ʋɔːtər	ʋ ɔː t ə r	526
1836	German	water	94	vasər	v a s ə r	526
1837	Spanish	water	94	aɣwa	a ɣ w a	523
1838	Danish	water	94	vanˀ	v a nˀ	526
1839	Bulgarian	water	94	voda	v o d a	526
1840	Greek	water	94	nero	n e r o	524
1841	Armenian	water	94	ʤuɾ	ʤ u ɾ	527
1842	Romanian	water	94	apə	a p ə	523
1843	Russian	water	94	vɐda	v ɐ d a	526
1844	Polish	water	94	vɔda	v ɔ d a	526
1845	Norwegian	water	94	ʋɑn	ʋ ɑ n	526
1846	French	water	94	o	o	523
1847	Czech	water	94	voda	v o d a	526
1848	Icelandic	water	94	vaʰtn̥	v aʰ t n̥	526
1849	Italian	water	94	akkwa	a kː w a	523
1850	Hindi	water	94	paːniː	p aː n iː	525
1851	Portuguese	water	94	agwɐ	a g w ɐ	523
1852	Dutch	we	95	ʋɛɪ	ʋ ɛɪ	530
1853	Swedish	we	95	viː	v iː	530
1854	English	we	95	ʋiː	ʋ iː	530
1855	German	we	95	viːr	v iː r	530
1856	Spanish	we	95	nosotɾos	n o s o t ɾ o s	529
1857	Danish	we	95	viˀ	v iˀ	530
1858	Bulgarian	we	95	niɛ	n iɛ	529
1859	Greek	we	95	emis	e m i s	528
1860	Armenian	we	95	mɛnkʰ	m ɛ n kʰ	528
1861	Romanian	we	95	noj	n o j	529
1862	Russian	we	95	mɨ	m ɨ	528
1863	Polish	we	95	mɨ	m ɨ	528
1864	Norwegian	we	95	ʋiː	ʋ iː	530
1865	French	we	95	nu	n u	529
1866	Czech	we	95	mɪ	m ɪ	528
1867	Icelandic	we	95	vɪːð	v ɪː ð	530
1868	Italian	we	95	noi	n oi	529
1869	Hindi	we	95	ɦəm	ɦ ə m	529
1870	Portuguese	we	95	nɔʃ	n ɔ ʃ	529
1871	Dutch	what	96	ʋɑt	ʋ ɑ t	531
1872	Swedish	what	96	vɑd	v ɑ d	531
1873	English	what	96	ʋɔt	ʋ ɔ t	531
1874	German	what	96	vas	v a s	531
1875	Spanish	what	96	ke	k e	531
1876	Danish	what	96	va	v a	531
1877	Bulgarian	what	96	kakvɔ	k a k v ɔ	531
1878	Greek	what	96	ti	t i	531
1879	Romanian	what	96	ʧe	ʧ e	531
1880	Russian	what	96	ʃto	ʃ t o	531
1881	Polish	what	96	ʦɔ	ʦ ɔ	531
1882	Norwegian	what	96	ʋɑː	ʋ ɑː	531
1883	French	what	96	kwa	k w a	531
1884	Czech	what	96	ʦo	ʦ o	531
1885	Icelandic	what	96	xʷaːð	xʷ aː ð	531
1886	Italian	what	96	ke	k e	531
1887	Hindi	what	96	kjaː	k j aː	531
1888	Portuguese	what	96	kə	k ə	531
1889	Dutch	white	97	ʋɪt	ʋ ɪ t	532
1890	Swedish	white	97	viːt	v iː t	532
1891	English	white	97	ʋaɪt	ʋ aɪ t	532
1892	German	white	97	vais	v ai s	532
1893	Spanish	white	97	blaŋko	b l a ŋ k o	533
1894	Danish	white	97	viðˀ	v i ðˀ	532
1895	Bulgarian	white	97	bal	b a l	536
1896	Greek	white	97	lefkos	l e f k o s	535
1897	Armenian	white	97	spitɑk	s p i t ɑ k	-534
1898	Romanian	white	97	alb	a l b	537
1899	Russian	white	97	bʲelɨj	bʲ e l ɨ j	536
1900	Polish	white	97	bʲawɨ	bʲ a w ɨ	536
1901	Norwegian	white	97	ʋiːt	ʋ iː t	532
1902	French	white	97	blɑ̃	b l ɑ̃	533
1903	Czech	white	97	biːliː	b iː l iː	536
1904	Icelandic	white	97	xʷiːtʏr	xʷ iː t ʏ r	532
1905	Italian	white	97	bjanko	b j a n k o	533
1906	Portuguese	white	97	alvu	a l v u	537
1907	Dutch	who	98	ʋiː	ʋ iː	538
1908	Swedish	who	98	vem	v e m	538
1909	English	who	98	huː	h uː	538
1910	German	who	98	veːr	v eː r	538
1911	Spanish	who	98	kjen	k j e n	538
1912	Danish	who	98	vɛmˀ	v ɛ mˀ	538
1913	Bulgarian	who	98	koj	k o j	538
1914	Greek	who	98	opios	o p io s	538
1915	Romanian	who	98	ʧine	ʧ i n e	538
1916	Russian	who	98	kto	k t o	538
1917	Polish	who	98	ktɔ	k t ɔ	538
1918	Norwegian	who	98	ʋem	ʋ e m	538
1919	French	who	98	ki	k i	538
1920	Czech	who	98	ɡdo	ɡ d o	538
1921	Icelandic	who	98	xʷɛːr	xʷ ɛː r	538
1922	Italian	who	98	ki	k i	538
1923	Hindi	who	98	kɔːn	k ɔː n	538
1924	Portuguese	who	98	kɐ̃j	k ɐ̃ j	538
1925	Dutch	woman	99	vrɑuʋ	v r ɑu ʋ	541
1926	Swedish	woman	99	kvinːa	k v i nː a	544
1927	English	woman	99	ʋʊmən	ʋ ʊ m ə n	543
1928	German	woman	99	frau	f r au	541
1929	Spanish	woman	99	muxeɾ	m u x e ɾ	545
1930	Danish	woman	99	kvenə	k v e n ə	544
1931	Bulgarian	woman	99	ʒɛna	ʒ ɛ n a	544
1932	Greek	woman	99	ʝineka	ʝ i n e k a	544
1933	Armenian	woman	99	kin	k i n	544
1934	Romanian	woman	99	femeje	f e m e j e	542
1935	Russian	woman	99	ʒɛnʃʃʲɪnə	ʒ ɛ n ʃːʲ ɪ n ə	544
1936	Polish	woman	99	kɔbʲɛta	k ɔ bʲ ɛ t a	546
1937	Norwegian	woman	99	kʋinə	k ʋ i n ə	544
1938	French	woman	99	fam	f a m	542
1939	Czech	woman	99	ʒɛna	ʒ ɛ n a	544
1940	Icelandic	woman	99	kʰɔːna	kʰ ɔː n a	544
1941	Italian	woman	99	dɔnna	d ɔ nː a	540
1942	Hindi	woman	99	ɔːrət	ɔː r ə t	-539
1943	Portuguese	woman	99	muʎɛr	m u ʎ ɛ r	545
1944	German	woman	99	vaip	v ai p	543
1945	Dutch	yellow	100	xeːl	x eː l	550
1946	Swedish	yellow	100	guːl	g uː l	550
1947	English	yellow	100	jɛləʊ	j ɛ l əʊ	550
1948	German	yellow	100	ɡɛlp	ɡ ɛ l p	550
1949	Spanish	yellow	100	amaɾiʎo	a m a ɾ i ʎ o	548
1950	Danish	yellow	100	guˀl	g uˀ l	550
1951	Bulgarian	yellow	100	ʒɤlt	ʒ ɤ l t	550
1952	Greek	yellow	100	citrinos	c i t r i n o s	-547
1953	Armenian	yellow	100	dɛʁin	d ɛ ʁ i n	552
1954	Romanian	yellow	100	ɡalben	ɡ a l b e n	551
1955	Russian	yellow	100	ʒoltɨj	ʒ o l t ɨ j	550
1956	Polish	yellow	100	ʒuwtɨ	ʒ u w t ɨ	550
1957	Norwegian	yellow	100	gʉːl	g ʉː l	550
1958	French	yellow	100	ʒon	ʒ o n	551
1959	Czech	yellow	100	ʒlʊtiː	ʒ l ʊ t iː	550
1960	Icelandic	yellow	100	kʏːlʏr	k ʏː l ʏ r	550
1961	Italian	yellow	100	ʤallo	ʤ a lː o	551
1962	Hindi	yellow	100	piːlaː	p iː l aː	549
1963	Portuguese	yellow	100	ɐmɐrɛlu	ɐ m ɐ r ɛ l u	548
1964	Dutch	far	101	vɛr	v ɛ r	559
1965	Swedish	far	101	loŋ	l o ŋ	558
1966	English	far	101	fɑːr	f ɑː r	559
1967	German	far	101	fɛrn	f ɛ r n	559
1968	Spanish	far	101	lexano	l e x a n o	555
1969	Danish	far	101	fjæʁˀn	f j æ ʁˀ n	559
1970	Bulgarian	far	101	dəlɛʧɛn	d ə l ɛ ʧ ɛ n	558
1971	Greek	far	101	makran	m a k r a n	557
1972	Armenian	far	101	hɛru	h ɛ r u	553
1973	Romanian	far	101	depərte	d e p ə r t e	554
1974	Russian	far	101	dɐlʲokʲɪj	d ɐ lʲ o kʲ ɪ j	558
1975	Polish	far	101	dalɛki	d a l ɛ k i	558
1976	Norwegian	far	101	buʈ	b u ʈ	558
1977	French	far	101	lwɛ̃	l w ɛ̃	558
1978	Czech	far	101	dalɛkiː	d a l ɛ k iː	558
1979	Icelandic	far	101	laŋ	l a ŋ	558
1980	Italian	far	101	lontano	l o n t a n o	558
1981	Hindi	far	101	duːr	d uː r	556
1982	Portuguese	far	101	lõʒə	l õ ʒ ə	558
1983	Swedish	far	101	fjɛrːan	f j ɛ rː a n	559
1984	Danish	far	101	lɑŋˀ	l ɑ ŋˀ	558
1985	Dutch	heavy	102	zʋaːr	z ʋ aː r	564
1986	Swedish	heavy	102	svoːr	s v oː r	564
1987	English	heavy	102	hɛvɪ	h ɛ v ɪ	562
1988	German	heavy	102	ʃveːr	ʃ v eː r	564
1989	Spanish	heavy	102	pesaðo	p e s a ð o	560
1990	Danish	heavy	102	tɔŋˀ	t ɔ ŋˀ	563
1991	Bulgarian	heavy	102	tɛʒək	t ɛ ʒ ə k	563
1992	Greek	heavy	102	varis	v a r i s	565
1993	Romanian	heavy	102	grew	g r e w	565
1994	Russian	heavy	102	tʲɪʒolɨj	tʲ ɪ ʒ o l ɨ j	563
1995	Polish	heavy	102	ʨɛ̃ʃki	ʨ ɛ̃ ʃ k i	563
1996	Norwegian	heavy	102	tuŋ	t u ŋ	563
1997	French	heavy	102	luʁ	l u ʁ	561
1998	Czech	heavy	102	tʲɛʃkiː	tʲ ɛ ʃ k iː	563
1999	Icelandic	heavy	102	θuŋkʏr	θ u ŋ k ʏ r	563
2000	Italian	heavy	102	pesante	p e s a n t e	560
2001	Hindi	heavy	102	bʱaːriː	bʱ aː r iː	566
2002	Portuguese	heavy	102	pəzadu	p ə z a d u	560
2003	Swedish	heavy	102	tuŋː	t u ŋː	563
2004	Danish	heavy	102	svɛˀʁ	s v ɛˀ ʁ	564
2005	Dutch	near	103	naːbɛɪ	n aː b ɛɪ	574
2006	Swedish	near	103	nɛːra	n ɛː r a	574
2007	English	near	103	nɪər	n ɪə r	574
2008	German	near	103	naːə	n aːə	574
2009	Spanish	near	103	θerka	θ e r k a	568
2010	Danish	near	103	nɛˀʁ	n ɛˀ ʁ	574
2011	Bulgarian	near	103	blizək	b l i z ə k	570
2012	Greek	near	103	konda	k o n d a	573
2013	Armenian	near	103	mot	m o t	-575
2014	Romanian	near	103	apropia	a p r o p ia	567
2015	Russian	near	103	blʲizkʲɪj	b lʲ i z kʲ ɪ j	570
2016	Polish	near	103	bliskɨ	b l i s k ɨ	570
2017	Norwegian	near	103	næːɾ	n æː ɾ	574
2018	French	near	103	prɔʃ	p r ɔ ʃ	567
2019	Czech	near	103	bliːskiː	b l iː s k iː	570
2020	Icelandic	near	103	nauː	n auː	574
2021	Italian	near	103	prossimo	p r o sː i m o	567
2022	Hindi	near	103	paːs	p aː s	572
2023	Portuguese	near	103	prɔsimu	p r ɔ s i m u	567
2024	Dutch	near	103	dɪɣdbɛɪ	d ɪ ɣ d b ɛɪ	569
2025	English	near	103	kləʊs	k l əʊ s	-571
2026	Dutch	salt	104	zɑut	z ɑu t	576
2027	Swedish	salt	104	salːt	s a lː t	576
2028	English	salt	104	sɔːlt	s ɔː l t	576
2029	German	salt	104	zalt͡s	z a l t͡s	576
2030	Spanish	salt	104	sal	s a l	576
2031	Danish	salt	104	salˀd	s a lˀ d	576
2032	Bulgarian	salt	104	sol	s o l	576
2033	Greek	salt	104	alati	a l a t i	576
2034	Armenian	salt	104	ɑʁ	ɑ ʁ	576
2035	Romanian	salt	104	sare	s a r e	576
2036	Russian	salt	104	solʲ	s o lʲ	576
2037	Polish	salt	104	sul	s u l	576
2038	Norwegian	salt	104	sɑlt	s ɑ l t	576
2039	French	salt	104	sɛl	s ɛ l	576
2040	Czech	salt	104	suːl	s uː l	576
2041	Icelandic	salt	104	sal̥t	s a l̥ t	576
2042	Italian	salt	104	sale	s a l e	576
2043	Portuguese	salt	104	sal	s a l	576
2044	Dutch	short	105	kɔrt	k ɔ r t	-581
2045	Swedish	short	105	kɔrt	k ɔ r t	-581
2046	English	short	105	ʃɔːrt	ʃ ɔː r t	581
2047	German	short	105	kʊrt͡s	k ʊ r t͡s	-581
2048	Spanish	short	105	koɾto	k o ɾ t o	581
2049	Danish	short	105	kɒːd	k ɒː d	-581
2050	Bulgarian	short	105	kratək	k r a t ə k	581
2051	Greek	short	105	kondos	k o n d o s	582
2052	Armenian	short	105	kɑɾʧ	k ɑ ɾ ʧ	581
2053	Romanian	short	105	skurt	s k u r t	581
2054	Russian	short	105	kɐrotkʲɪj	k ɐ r o t kʲ ɪ j	581
2055	Polish	short	105	krutki	k r u t k i	581
2056	Norwegian	short	105	kɔʈ	k ɔ ʈ	-581
2057	French	short	105	kuʁ	k u ʁ	581
2058	Czech	short	105	kraːtkiː	k r aː t k iː	581
2059	Icelandic	short	105	stʏʰtʏr	s t ʏʰ t ʏ r	578
2060	Italian	short	105	brɛve	b r ɛ v e	577
2061	Hindi	short	105	ʧʰoʈaː	ʧʰ o ʈ aː	579
2062	Portuguese	short	105	kurtu	k u r t u	581
2063	Spanish	short	105	breve	b r e v e	577
2064	Bulgarian	short	105	kɤs	k ɤ s	580
2065	French	short	105	bʁɛf	b ʁ ɛ f	577
2066	Italian	short	105	korto	k o r t o	581
2067	Portuguese	short	105	brɛvə	b r ɛ v ə	577
2068	Dutch	snake	106	slɑŋ	s l ɑ ŋ	585
2069	Swedish	snake	106	orːm	o rː m	590
2070	English	snake	106	sneɪk	s n eɪ k	588
2071	German	snake	106	ʃlaŋə	ʃ l a ŋ ə	585
2072	Spanish	snake	106	kulevra	k u l e v r a	583
2073	Danish	snake	106	slɑŋə	s l ɑ ŋ ə	585
2074	Bulgarian	snake	106	zmija	z m i j a	584
2075	Greek	snake	106	fiði	f i ð i	586
2076	Armenian	snake	106	oʦʰ	o ʦʰ	586
2077	Romanian	snake	106	ʃarpe	ʃ a r p e	589
2078	Russian	snake	106	zmʲɪja	z mʲ ɪ j a	584
2079	Polish	snake	106	ʒmija	ʒ m i j a	584
2080	Norwegian	snake	106	ɔɾm	ɔ ɾ m	590
2081	French	snake	106	sɛʁpɑ̃	s ɛ ʁ p ɑ̃	589
2082	Czech	snake	106	ɦat	ɦ a t	591
2083	Icelandic	snake	106	st͡lauŋka	s t͡l au ŋ k a	585
2084	Italian	snake	106	sɛrpɛnte	s ɛ r p ɛ n t e	589
2085	Hindi	snake	106	sãːp	s ãː p	589
2086	Portuguese	snake	106	sərpẽtə	s ə r p ẽ t ə	589
2087	Spanish	snake	106	seɾpjente	s e ɾ p j e n t e	589
2088	Polish	snake	106	vɔ̃ʒ	v ɔ̃ ʒ	587
2089	Norwegian	snake	106	ʃlɑŋə	ʃ l ɑ ŋ ə	585
2090	Portuguese	snake	106	kɔbrɐ	k ɔ b r ɐ	583
2091	Dutch	thin	107	fɛɪn	f ɛɪ n	-599
2092	Swedish	thin	107	smal	s m a l	596
2093	English	thin	107	θɪn	θ ɪ n	601
2094	German	thin	107	dʏn	d ʏ n	601
2095	Spanish	thin	107	delɣaðo	d e l ɣ a ð o	593
2096	Danish	thin	107	tønˀ	t ø nˀ	601
2097	Bulgarian	thin	107	tɤnək	t ɤ n ə k	601
2098	Greek	thin	107	leptos	l e p t o s	597
2099	Armenian	thin	107	bɑɾɑk	b ɑ ɾ ɑ k	-594
2100	Romanian	thin	107	subʦire	s u b ʦ i r e	598
2101	Russian	thin	107	tonkʲɪj	t o n kʲ ɪ j	601
2102	Polish	thin	107	ʨɛ̃nki	ʨ ɛ̃ n k i	601
2103	Norwegian	thin	107	tyn	t y n	601
2104	French	thin	107	mɛ̃s	m ɛ̃ s	600
2105	Czech	thin	107	tɛŋkiː	t ɛ ŋ k iː	601
2106	Icelandic	thin	107	θʏnːʏr	θ ʏ nː ʏ r	601
2107	Italian	thin	107	fine	f i n e	592
2108	Hindi	thin	107	pətlaː	p ə t l aː	595
2109	Portuguese	thin	107	finu	f i n u	592
2110	Dutch	thin	107	dʉn	d ʉ n	601
2111	Swedish	thin	107	tunː	t u nː	601
2112	Spanish	thin	107	sutil	s u t i l	598
2113	Danish	thin	107	smalˀ	s m a lˀ	596
2114	Romanian	thin	107	fin	f i n	592
2115	Norwegian	thin	107	smɑːl	s m ɑː l	596
2116	Italian	thin	107	sottile	s o tː i l e	598
2117	Portuguese	thin	107	dɛlgadu	d ɛ l g a d u	593
2118	Dutch	wind	108	ʋɪnt	ʋ ɪ n t	602
2119	Swedish	wind	108	vind	v i n d	602
2120	English	wind	108	ʋɪnd	ʋ ɪ n d	602
2121	German	wind	108	vɪnt	v ɪ n t	602
2122	Spanish	wind	108	bjento	b j e n t o	602
2123	Danish	wind	108	venˀ	v e nˀ	602
2124	Bulgarian	wind	108	vʲatər	vʲ a t ə r	602
2125	Greek	wind	108	anemos	a n e m o s	603
2126	Romanian	wind	108	vɨnt	v ɨ n t	602
2127	Russian	wind	108	vʲetʲɪr	vʲ e tʲ ɪ r	602
2128	Polish	wind	108	vʲatr	vʲ a t r	602
2129	Norwegian	wind	108	ʋin	ʋ i n	602
2130	French	wind	108	vɑ̃	v ɑ̃	602
2131	Icelandic	wind	108	vɪntʏr	v ɪ n t ʏ r	602
2132	Italian	wind	108	vɛnto	v ɛ n t o	602
2133	Portuguese	wind	108	vẽtu	v ẽ t u	602
2134	Dutch	worm	109	ʋɔrm	ʋ ɔ r m	607
2135	Swedish	worm	109	masːk	m a sː k	606
2136	English	worm	109	ʋɜːrm	ʋ ɜː r m	607
2137	German	worm	109	vʊrm	v ʊ r m	607
2138	Spanish	worm	109	berme	b e r m e	607
2139	Danish	worm	109	oʁˀm	o ʁˀ m	607
2140	Bulgarian	worm	109	ʧɛrvɛj	ʧ ɛ r v ɛ j	608
2141	Greek	worm	109	skulici	s k u l i c i	605
2142	Romanian	worm	109	vjerme	v j e r m e	607
2143	Russian	worm	109	ʧerfʲ	ʧ e r fʲ	608
2144	Polish	worm	109	ʧɛrf	ʧ ɛ r f	608
2145	Norwegian	worm	109	mɑɾk	m ɑ ɾ k	606
2146	French	worm	109	vɛʁ	v ɛ ʁ	607
2147	Czech	worm	109	ʧɛrf	ʧ ɛ r f	608
2148	Icelandic	worm	109	ɔrmʏr	ɔ r m ʏ r	607
2149	Italian	worm	109	vɛrme	v ɛ r m e	607
2150	Hindi	worm	109	kiːɽaː	k iː ɽ aː	-604
2151	Portuguese	worm	109	vɛrmə	v ɛ r m ə	607
2152	Dutch	worm	109	maːdə	m aː d ə	606
2153	Icelandic	worm	109	maθkʏr	m a θ k ʏ r	606
2154	Dutch	year	110	jaːr	j aː r	614
2155	Swedish	year	110	oːr	oː r	614
2156	English	year	110	jɪər	j ɪə r	614
2157	German	year	110	jaːr	j aː r	614
2158	Spanish	year	110	aɲo	a ɲ o	611
2159	Danish	year	110	ɒˀʁ	ɒˀ ʁ	614
2160	Bulgarian	year	110	ɡodinə	ɡ o d i n ə	615
2161	Greek	year	110	etos	e t o s	613
2162	Armenian	year	110	tɑɾi	t ɑ ɾ i	-610
2163	Romanian	year	110	an	a n	611
2164	Russian	year	110	ɡot	ɡ o t	615
2165	Polish	year	110	rɔk	r ɔ k	612
2166	Norwegian	year	110	oːɾ	oː ɾ	614
2167	French	year	110	ɑ̃	ɑ̃	611
2168	Czech	year	110	rok	r o k	612
2169	Icelandic	year	110	auːr	auː r	614
2170	Italian	year	110	anno	a nː o	611
2171	Hindi	year	110	bərəs	b ə r ə s	609
2172	Portuguese	year	110	ɐnu	ɐ n u	611
